Timestamp,Set Temperature,Target Temperature,Pump Status,Last Temperature (Sensor 1),Last Temperature (Sensor 2),Last Flow Rate
2023-12-03 15:20:12.360193,51.30,51.30,1,35.44,47.13,0.00
2023-12-03 15:20:12.660337,51.30,51.30,1,35.44,47.13,0.00
2023-12-03 15:20:12.923196,51.30,51.30,1,35.44,47.13,0.00
2023-12-03 15:20:13.200151,51.30,51.30,1,35.31,47.13,0.00
2023-12-03 15:20:13.467763,51.30,51.30,1,35.31,47.13,0.00
2023-12-03 15:20:13.609093,51.30,51.30,1,35.31,47.13,0.00
2023-12-03 15:20:13.755385,51.30,51.30,1,35.31,47.13,0.00
2023-12-03 15:20:13.896877,51.30,51.30,1,35.31,47.13,0.00
2023-12-03 15:20:14.186106,51.30,51.30,1,35.31,47.13,0.00
2023-12-03 15:20:14.330388,51.30,51.30,1,35.31,47.13,0.00
2023-12-03 15:20:14.467971,51.30,51.30,1,35.31,47.13,0.00
2023-12-03 15:20:14.618539,51.30,51.30,1,35.31,47.13,0.00
2023-12-03 15:20:14.760964,51.30,51.30,1,35.25,47.19,0.00
2023-12-03 15:20:14.929829,51.30,51.30,1,35.25,47.19,0.00
2023-12-03 15:20:15.054408,51.30,51.30,1,35.25,47.19,0.00
2023-12-03 15:20:15.331973,51.30,51.30,1,35.25,47.19,0.00
2023-12-03 15:20:15.482795,51.30,51.30,1,35.25,47.19,0.00
2023-12-03 15:20:15.636395,51.30,51.30,1,35.25,47.19,0.00
2023-12-03 15:20:15.774393,51.30,51.30,1,35.25,47.19,0.00
2023-12-03 15:20:16.054088,51.30,51.30,1,35.25,47.19,0.00
2023-12-03 15:20:16.207447,51.30,51.30,1,35.25,47.19,0.00
2023-12-03 15:20:16.497589,51.30,51.30,1,35.13,47.19,0.00
2023-12-03 15:20:16.753649,51.30,51.30,1,35.13,47.19,0.00
2023-12-03 15:20:16.900932,51.30,51.30,1,35.13,47.19,0.00
2023-12-03 15:20:17.039403,51.30,51.30,1,35.13,47.19,0.00
2023-12-03 15:20:17.319334,51.30,51.30,1,35.13,47.19,0.00
2023-12-03 15:20:17.469608,51.30,51.30,1,35.13,47.19,0.00
2023-12-03 15:20:17.747875,51.30,51.30,1,35.13,47.19,0.00
2023-12-03 15:20:17.889281,51.30,51.30,1,35.00,47.25,0.00
2023-12-03 15:20:18.036608,51.30,51.30,1,35.00,47.25,0.00
2023-12-03 15:20:18.185742,51.30,51.30,1,35.00,47.25,0.00
2023-12-03 15:20:18.322133,51.30,51.30,1,35.00,47.25,0.00
2023-12-03 15:20:18.466123,51.30,51.30,1,35.00,47.25,0.00
2023-12-03 15:20:18.610249,51.30,51.30,1,35.00,47.25,0.00
2023-12-03 15:20:18.755098,51.30,51.30,1,35.00,47.25,0.00
2023-12-03 15:20:18.901563,51.30,51.30,1,35.00,47.25,0.00
2023-12-03 15:20:19.043763,51.30,51.30,1,35.00,47.25,0.00
2023-12-03 15:20:19.190803,51.30,51.30,1,35.00,47.25,0.00
2023-12-03 15:20:19.326625,51.30,51.30,1,35.00,47.25,0.00
2023-12-03 15:20:19.472200,51.30,51.30,1,34.94,47.25,0.00
2023-12-03 15:20:19.615237,51.30,51.30,1,34.94,47.25,0.00
2023-12-03 15:20:19.760142,51.30,51.30,1,34.94,47.25,0.00
2023-12-03 15:20:19.908333,51.30,51.30,1,34.94,47.25,0.00
2023-12-03 15:20:20.050273,51.30,51.30,1,34.94,47.25,0.00
2023-12-03 15:20:20.191127,51.30,51.30,1,34.94,47.25,0.00
2023-12-03 15:20:20.335973,51.30,51.30,1,34.94,47.25,0.00
2023-12-03 15:20:20.481868,51.30,51.30,1,34.94,47.25,0.00
2023-12-03 15:20:20.626569,51.30,51.30,1,34.94,47.25,0.00
2023-12-03 15:20:20.765894,51.30,51.30,1,34.94,47.25,0.00
2023-12-03 15:20:20.914538,51.30,51.30,1,34.94,47.25,0.00
2023-12-03 15:20:21.051852,51.30,51.30,1,34.81,47.31,0.00
2023-12-03 15:20:21.194408,51.30,51.30,1,34.81,47.31,0.00
2023-12-03 15:20:21.345890,51.30,51.30,1,34.81,47.31,0.00
2023-12-03 15:20:21.482732,51.30,51.30,1,34.81,47.31,0.00
2023-12-03 15:20:21.634007,51.30,51.30,1,34.81,47.31,0.00
2023-12-03 15:20:21.769752,51.30,51.30,1,34.81,47.31,0.00
2023-12-03 15:20:21.914199,51.30,51.30,1,34.81,47.31,0.00
2023-12-03 15:20:22.057973,51.30,51.30,1,34.81,47.31,0.00
2023-12-03 15:20:22.212801,51.30,51.30,1,34.81,47.31,0.00
2023-12-03 15:20:22.347372,51.30,51.30,1,34.81,47.31,0.00
2023-12-03 15:20:22.487375,51.30,51.30,1,34.81,47.31,0.00
2023-12-03 15:20:22.631021,51.30,51.30,1,34.69,47.31,0.00
2023-12-03 15:20:22.780331,51.30,51.30,1,34.69,47.31,0.00
2023-12-03 15:20:22.918197,51.30,51.30,1,34.69,47.31,0.00
2023-12-03 15:20:23.067393,51.30,51.30,1,34.69,47.31,0.00
2023-12-03 15:20:23.205493,51.30,51.30,1,34.69,47.31,0.00
2023-12-03 15:20:23.358346,51.30,51.30,1,34.69,47.31,0.00
2023-12-03 15:20:23.747607,51.30,51.30,1,34.69,47.31,0.00
2023-12-03 15:20:23.916657,51.30,51.30,1,34.69,47.31,0.00
2023-12-03 15:20:24.052704,51.30,51.30,1,34.69,47.31,0.00
2023-12-03 15:20:24.232944,51.30,51.30,1,34.56,47.38,0.00
2023-12-03 15:20:24.478048,51.30,51.30,1,34.56,47.38,0.00
2023-12-03 15:20:24.625714,51.30,51.30,1,34.56,47.38,0.00
2023-12-03 15:20:24.767421,51.30,51.30,1,34.56,47.38,0.00
2023-12-03 15:20:24.911645,51.30,51.30,1,34.56,47.38,0.00
2023-12-03 15:20:25.055054,51.30,51.30,1,34.56,47.38,0.00
2023-12-03 15:20:25.198888,51.30,51.30,1,34.56,47.38,0.00
2023-12-03 15:20:25.344128,51.30,51.30,1,34.56,47.38,0.00
2023-12-03 15:20:25.490234,51.30,51.30,1,34.56,47.38,0.00
2023-12-03 15:20:25.639523,51.30,51.30,1,34.56,47.38,0.00
2023-12-03 15:20:25.780278,51.30,51.30,1,34.44,47.38,0.00
2023-12-03 15:20:25.920246,51.30,51.30,1,34.44,47.38,0.00
2023-12-03 15:20:26.066682,51.30,51.30,1,34.44,47.38,0.00
2023-12-03 15:20:26.208118,51.30,51.30,1,34.44,47.38,0.00
2023-12-03 15:20:26.363889,51.30,51.30,1,34.44,47.38,0.00
2023-12-03 15:20:26.495133,51.30,51.30,1,34.44,47.38,0.00
2023-12-03 15:20:26.639765,51.30,51.30,1,34.44,47.38,0.00
2023-12-03 15:20:26.786781,51.30,51.30,1,34.44,47.38,0.00
2023-12-03 15:20:26.926114,51.30,51.30,1,34.44,47.38,0.00
2023-12-03 15:20:27.090375,51.30,51.30,1,34.44,47.38,0.00
2023-12-03 15:20:27.237836,51.30,51.30,1,34.44,47.38,0.00
2023-12-03 15:20:27.387361,51.30,51.30,1,34.38,47.44,0.00
2023-12-03 15:20:27.525190,51.30,51.30,1,34.38,47.44,0.00
2023-12-03 15:20:27.669037,51.30,51.30,1,34.38,47.44,0.00
2023-12-03 15:20:27.813370,51.30,51.30,1,34.38,47.44,0.00
2023-12-03 15:20:27.957072,51.30,51.30,1,34.38,47.44,0.00
2023-12-03 15:20:28.101122,51.30,51.30,1,34.38,47.44,0.00
2023-12-03 15:20:28.249718,51.30,51.30,1,34.38,47.44,0.00
2023-12-03 15:20:28.390464,51.30,51.30,1,34.38,47.44,0.00
2023-12-03 15:20:28.535137,51.30,51.30,1,34.38,47.44,0.00
2023-12-03 15:20:28.688234,51.30,51.30,1,34.38,47.44,0.00
2023-12-03 15:20:28.834206,51.30,51.30,1,34.25,47.44,0.00
2023-12-03 15:20:28.976052,51.30,51.30,1,34.25,47.44,0.00
2023-12-03 15:20:29.126258,51.30,51.30,1,34.25,47.44,0.00
2023-12-03 15:20:29.262589,51.30,51.30,1,34.25,47.44,0.00
2023-12-03 15:20:29.407982,51.30,51.30,1,34.25,47.44,0.00
2023-12-03 15:20:29.571593,51.30,51.30,1,34.25,47.44,0.00
2023-12-03 15:20:29.832231,51.30,51.30,1,34.25,47.44,0.00
2023-12-03 15:20:29.973371,51.30,51.30,1,34.25,47.44,0.00
2023-12-03 15:20:30.121178,51.30,51.30,1,34.25,47.44,0.00
2023-12-03 15:20:30.267712,51.30,51.30,1,34.25,47.44,0.00
2023-12-03 15:20:30.410046,51.30,51.30,1,34.13,47.50,0.00
2023-12-03 15:20:30.558096,51.30,51.30,1,34.13,47.50,0.00
2023-12-03 15:20:30.698129,51.30,51.30,1,34.13,47.50,0.00
2023-12-03 15:20:30.842229,51.30,51.30,1,34.13,47.50,0.00
2023-12-03 15:20:30.985038,51.30,51.30,1,34.13,47.50,0.00
2023-12-03 15:20:31.129100,51.30,51.30,1,34.13,47.50,0.00
2023-12-03 15:20:31.273935,51.30,51.30,1,34.13,47.50,0.00
2023-12-03 15:20:31.417186,51.30,51.30,1,34.13,47.50,0.00
2023-12-03 15:20:31.564373,51.30,51.30,1,34.13,47.50,0.00
2023-12-03 15:20:31.706125,51.30,51.30,1,34.13,47.50,0.00
2023-12-03 15:20:31.852022,51.30,51.30,1,34.13,47.50,0.00
2023-12-03 15:20:32.132286,51.30,51.30,1,34.00,47.50,0.00
2023-12-03 15:20:32.418697,51.30,51.30,1,34.00,47.50,0.00
2023-12-03 15:20:32.556035,51.30,51.30,1,34.00,47.50,0.00
2023-12-03 15:20:32.706660,51.30,51.30,1,34.00,47.50,0.00
2023-12-03 15:20:32.845176,51.30,51.30,1,34.00,47.50,0.00
2023-12-03 15:20:32.988894,51.30,51.30,1,34.00,47.50,0.00
2023-12-03 15:20:33.136512,51.30,51.30,1,34.00,47.50,0.00
2023-12-03 15:20:33.276028,51.30,51.30,1,34.00,47.50,0.00
2023-12-03 15:20:33.422544,51.30,51.30,1,34.00,47.50,0.00
2023-12-03 15:20:33.564439,51.30,51.30,1,33.88,47.50,0.00
2023-12-03 15:20:33.710164,51.30,51.30,1,33.88,47.50,0.00
2023-12-03 15:20:33.851847,51.30,51.30,1,33.88,47.50,0.00
2023-12-03 15:20:34.011861,51.30,51.30,1,33.88,47.50,0.00
2023-12-03 15:20:34.138678,51.30,51.30,1,33.88,47.50,0.00
2023-12-03 15:20:34.282059,51.30,51.30,1,33.88,47.50,0.00
2023-12-03 15:20:34.431526,51.30,51.30,1,33.88,47.50,0.00
2023-12-03 15:20:34.568807,51.30,51.30,1,33.88,47.50,0.00
2023-12-03 15:20:34.710997,51.30,51.30,1,33.88,47.50,0.00
2023-12-03 15:20:34.856207,51.30,51.30,1,33.88,47.50,0.00
2023-12-03 15:20:34.999308,51.30,51.30,1,33.88,47.50,0.00
2023-12-03 15:20:35.143898,51.30,51.30,1,33.81,47.56,0.00
2023-12-03 15:20:35.285734,51.30,51.30,1,33.81,47.56,0.00
2023-12-03 15:20:35.428803,51.30,51.30,1,33.81,47.56,0.00
2023-12-03 15:20:35.577340,51.30,51.30,1,33.81,47.56,0.00
2023-12-03 15:20:35.715943,51.30,51.30,1,33.81,47.56,0.00
2023-12-03 15:20:35.859319,51.30,51.30,1,33.81,47.56,0.00
2023-12-03 15:20:36.009900,51.30,51.30,1,33.81,47.56,0.00
2023-12-03 15:20:36.147588,51.30,51.30,1,33.81,47.56,0.00
2023-12-03 15:20:36.299352,51.30,51.30,1,33.81,47.56,0.00
2023-12-03 15:20:36.571478,51.30,51.30,1,33.81,47.56,0.00
2023-12-03 15:20:36.909281,51.30,51.30,1,33.69,47.56,0.00
2023-12-03 15:20:37.139062,51.30,51.30,1,33.69,47.56,0.00
2023-12-03 15:20:37.278712,51.30,51.30,1,33.69,47.56,0.00
2023-12-03 15:20:37.419520,51.30,51.30,1,33.69,47.56,0.00
2023-12-03 15:20:37.566325,51.30,51.30,1,33.69,47.56,0.00
2023-12-03 15:20:37.708492,51.30,51.30,1,33.69,47.56,0.00
2023-12-03 15:20:37.857206,51.30,51.30,1,33.69,47.56,0.00
2023-12-03 15:20:38.136164,51.30,51.30,1,33.69,47.56,0.00
2023-12-03 15:20:38.275958,51.30,51.30,1,33.56,47.56,0.00
2023-12-03 15:20:38.421898,51.30,51.30,1,33.56,47.56,0.00
2023-12-03 15:20:38.572858,51.30,51.30,1,33.56,47.56,0.00
2023-12-03 15:20:38.711043,51.30,51.30,1,33.56,47.56,0.00
2023-12-03 15:20:38.853676,51.30,51.30,1,33.56,47.56,0.00
2023-12-03 15:20:39.000237,51.30,51.30,1,33.56,47.56,0.00
2023-12-03 15:20:39.142203,51.30,51.30,1,33.56,47.56,0.00
2023-12-03 15:20:39.290589,51.30,51.30,1,33.56,47.56,0.00
2023-12-03 15:20:39.429232,51.30,51.30,1,33.56,47.56,0.00
2023-12-03 15:20:39.572257,51.30,51.30,1,33.56,47.56,0.00
2023-12-03 15:20:39.714893,51.30,51.30,1,33.56,47.56,0.00
2023-12-03 15:20:39.998109,51.30,51.30,1,33.44,47.62,0.00
2023-12-03 15:20:40.140953,51.30,51.30,1,33.44,47.62,0.00
2023-12-03 15:20:40.282667,51.30,51.30,1,33.44,47.62,0.00
2023-12-03 15:20:40.426569,51.30,51.30,1,33.44,47.62,0.00
2023-12-03 15:20:40.568279,51.30,51.30,1,33.44,47.62,0.00
2023-12-03 15:20:40.713899,51.30,51.30,1,33.44,47.62,0.00
2023-12-03 15:20:40.857030,51.30,51.30,1,33.44,47.62,0.00
2023-12-03 15:20:40.999873,51.30,51.30,1,33.44,47.62,0.00
2023-12-03 15:20:41.148778,51.30,51.30,1,33.44,47.62,0.00
2023-12-03 15:20:41.287999,51.30,51.30,1,33.44,47.62,0.00
2023-12-03 15:20:41.433651,51.30,51.30,1,33.38,47.62,0.00
2023-12-03 15:20:41.573972,51.30,51.30,1,33.38,47.62,0.00
2023-12-03 15:20:41.717040,51.30,51.30,1,33.38,47.62,0.00
2023-12-03 15:20:41.866172,51.30,51.30,1,33.38,47.62,0.00
2023-12-03 15:20:42.026954,51.30,51.30,1,33.38,47.62,0.00
2023-12-03 15:20:42.284935,51.30,51.30,1,33.38,47.62,0.00
2023-12-03 15:20:42.432815,51.30,51.30,1,33.38,47.62,0.00
2023-12-03 15:20:42.570897,51.30,51.30,1,33.38,47.62,0.00
2023-12-03 15:20:42.718361,51.30,51.30,1,33.38,47.62,0.00
2023-12-03 15:20:42.866424,51.30,51.30,1,33.38,47.62,0.00
2023-12-03 15:20:43.006729,51.30,51.30,1,33.25,47.69,0.00
2023-12-03 15:20:43.153269,51.30,51.30,1,33.25,47.69,0.00
2023-12-03 15:20:43.296029,51.30,51.30,1,33.25,47.69,0.00
2023-12-03 15:20:43.440459,51.30,51.30,1,33.25,47.69,0.00
2023-12-03 15:20:43.588275,51.30,51.30,1,33.25,47.69,0.00
2023-12-03 15:20:43.729147,51.30,51.30,1,33.25,47.69,0.00
2023-12-03 15:20:43.873136,51.30,51.30,1,33.25,47.69,0.00
2023-12-03 15:20:44.014956,51.30,51.30,1,33.25,47.69,0.00
2023-12-03 15:20:44.161728,51.30,51.30,1,33.25,47.69,0.00
2023-12-03 15:20:44.319355,51.30,51.30,1,33.25,47.69,0.00
2023-12-03 15:20:44.475381,51.30,51.30,1,33.25,47.69,0.00
2023-12-03 15:20:44.617460,51.30,51.30,1,33.13,47.69,0.00
2023-12-03 15:20:44.756150,51.30,51.30,1,33.13,47.69,0.00
2023-12-03 15:20:44.907621,51.30,51.30,1,33.13,47.69,0.00
2023-12-03 15:20:45.057652,51.30,51.30,1,33.13,47.69,0.00
2023-12-03 15:20:45.192316,51.30,51.30,1,33.13,47.69,0.00
2023-12-03 15:20:45.334009,51.30,51.30,1,33.13,47.69,0.00
2023-12-03 15:20:45.479607,51.30,51.30,1,33.13,47.69,0.00
2023-12-03 15:20:45.622038,51.30,51.30,1,33.13,47.69,0.00
2023-12-03 15:20:45.764818,51.30,51.30,1,33.13,47.69,0.00
2023-12-03 15:20:45.918501,51.30,51.30,1,33.13,47.69,0.00
2023-12-03 15:20:46.060915,51.30,51.30,1,33.06,47.69,0.00
2023-12-03 15:20:46.206647,51.30,51.30,1,33.06,47.69,0.00
2023-12-03 15:20:46.348220,51.30,51.30,1,33.06,47.69,0.00
2023-12-03 15:20:46.491132,51.30,51.30,1,33.06,47.69,0.00
2023-12-03 15:20:46.645543,51.30,51.30,1,33.06,47.69,0.00
2023-12-03 15:20:46.917069,51.30,51.30,1,33.06,47.69,0.00
2023-12-03 15:20:47.061805,51.30,51.30,1,33.06,47.69,0.00
2023-12-03 15:20:47.202982,51.30,51.30,1,33.06,47.69,0.00
2023-12-03 15:20:47.494492,51.30,51.30,1,33.06,47.69,0.00
2023-12-03 15:20:47.637057,51.30,51.30,1,32.94,47.75,0.00
2023-12-03 15:20:47.780684,51.30,51.30,1,32.94,47.75,0.00
2023-12-03 15:20:47.923654,51.30,51.30,1,32.94,47.75,0.00
2023-12-03 15:20:48.066841,51.30,51.30,1,32.94,47.75,0.00
2023-12-03 15:20:48.211757,51.30,51.30,1,32.94,47.75,0.00
2023-12-03 15:20:48.357477,51.30,51.30,1,32.94,47.75,0.00
2023-12-03 15:20:48.503814,51.30,51.30,1,32.94,47.75,0.00
2023-12-03 15:20:48.640965,51.30,51.30,1,32.94,47.75,0.00
2023-12-03 15:20:48.788415,51.30,51.30,1,32.94,47.75,0.00
2023-12-03 15:20:48.929682,51.30,51.30,1,32.94,47.75,0.00
2023-12-03 15:20:49.077862,51.30,51.30,1,32.94,47.75,0.00
2023-12-03 15:20:49.221570,51.30,51.30,1,32.88,47.75,0.00
2023-12-03 15:20:49.366002,51.30,51.30,1,32.88,47.75,0.00
2023-12-03 15:20:49.507591,51.30,51.30,1,32.88,47.75,0.00
2023-12-03 15:20:49.650960,51.30,51.30,1,32.88,47.75,0.00
2023-12-03 15:20:50.072723,51.30,51.30,1,32.88,47.75,0.00
2023-12-03 15:20:50.246873,51.30,51.30,1,32.88,47.75,0.00
2023-12-03 15:20:50.492613,51.30,51.30,1,32.88,47.75,0.00
2023-12-03 15:20:50.638906,51.30,51.30,1,32.88,47.75,0.00
2023-12-03 15:20:50.780933,51.30,51.30,1,32.75,47.75,0.00
2023-12-03 15:20:50.935160,51.30,51.30,1,32.75,47.75,0.00
2023-12-03 15:20:51.074719,51.30,51.30,1,32.75,47.75,0.00
2023-12-03 15:20:51.214828,51.30,51.30,1,32.75,47.75,0.00
2023-12-03 15:20:51.360930,51.30,51.30,1,32.75,47.75,0.00
2023-12-03 15:20:51.500866,51.30,51.30,1,32.75,47.75,0.00
2023-12-03 15:20:51.650034,51.30,51.30,1,32.75,47.75,0.00
2023-12-03 15:20:51.790449,51.30,51.30,1,32.75,47.75,0.00
2023-12-03 15:20:51.933474,51.30,51.30,1,32.75,47.75,0.00
2023-12-03 15:20:52.086503,51.30,51.30,1,32.75,47.75,0.00
2023-12-03 15:20:52.219630,51.30,51.30,1,32.75,47.75,0.00
2023-12-03 15:20:52.367067,51.30,51.30,1,32.69,47.81,0.00
2023-12-03 15:20:52.508939,51.30,51.30,1,32.69,47.81,0.00
2023-12-03 15:20:52.649443,51.30,51.30,1,32.69,47.81,0.00
2023-12-03 15:20:52.797380,51.30,51.30,1,32.69,47.81,0.00
2023-12-03 15:20:52.937145,51.30,51.30,1,32.69,47.81,0.00
2023-12-03 15:20:53.084291,51.30,51.30,1,32.69,47.81,0.00
2023-12-03 15:20:53.225502,51.30,51.30,1,32.69,47.81,0.00
2023-12-03 15:20:53.368723,51.30,51.30,1,32.69,47.81,0.00
2023-12-03 15:20:53.513821,51.30,51.30,1,32.69,47.81,0.00
2023-12-03 15:20:53.655003,51.30,51.30,1,32.69,47.81,0.00
2023-12-03 15:20:53.801590,51.30,51.30,1,32.69,47.81,0.00
2023-12-03 15:20:53.945806,51.30,51.30,1,32.56,47.81,0.00
2023-12-03 15:20:54.084103,51.30,51.30,1,32.56,47.81,0.00
2023-12-03 15:20:54.230173,51.30,51.30,1,32.56,47.81,0.00
2023-12-03 15:20:54.371238,51.30,51.30,1,32.56,47.81,0.00
2023-12-03 15:20:54.517536,51.30,51.30,1,32.56,47.81,0.00
2023-12-03 15:20:54.660797,51.30,51.30,1,32.56,47.81,0.00
2023-12-03 15:20:54.940560,51.30,51.30,1,32.56,47.81,0.00
2023-12-03 15:20:55.093261,51.30,51.30,1,32.56,47.81,0.00
2023-12-03 15:20:55.228597,51.30,51.30,1,32.56,47.81,0.00
2023-12-03 15:20:55.373761,51.30,51.30,1,32.56,47.81,0.00
2023-12-03 15:20:55.515407,51.30,51.30,1,32.50,47.81,0.00
2023-12-03 15:20:55.669565,51.30,51.30,1,32.50,47.81,0.00
2023-12-03 15:20:55.801447,51.30,51.30,1,32.50,47.81,0.00
2023-12-03 15:20:55.945439,51.30,51.30,1,32.50,47.81,0.00
2023-12-03 15:20:56.090101,51.30,51.30,1,32.50,47.81,0.00
2023-12-03 15:20:56.233844,51.30,51.30,1,32.50,47.81,0.00
2023-12-03 15:20:56.380257,51.30,51.30,1,32.50,47.81,0.00
2023-12-03 15:20:56.522410,51.30,51.30,1,32.50,47.81,0.00
2023-12-03 15:20:56.663274,51.30,51.30,1,32.50,47.81,0.00
2023-12-03 15:20:56.810542,51.30,51.30,1,32.50,47.81,0.00
2023-12-03 15:20:56.948575,51.30,51.30,1,32.50,47.81,0.00
2023-12-03 15:20:57.104111,51.30,51.30,1,32.44,47.88,0.00
2023-12-03 15:20:57.237340,51.30,51.30,1,32.44,47.88,0.00
2023-12-03 15:20:57.389382,51.30,51.30,1,32.44,47.88,0.00
2023-12-03 15:20:57.521936,51.30,51.30,1,32.44,47.88,0.00
2023-12-03 15:20:57.667271,51.30,51.30,1,32.44,47.88,0.00
2023-12-03 15:20:57.815151,51.30,51.30,1,32.44,47.88,0.00
2023-12-03 15:20:57.953632,51.30,51.30,1,32.44,47.88,0.00
2023-12-03 15:20:58.103105,51.30,51.30,1,32.44,47.88,0.00
2023-12-03 15:20:58.385665,51.30,51.30,1,32.44,47.88,0.00
2023-12-03 15:20:58.531899,51.30,51.30,1,32.44,47.88,0.00
2023-12-03 15:20:58.673976,51.30,51.30,1,32.31,47.88,0.00
2023-12-03 15:20:58.821547,51.30,51.30,1,32.31,47.88,0.00
2023-12-03 15:20:58.959964,51.30,51.30,1,32.31,47.88,0.00
2023-12-03 15:20:59.112306,51.30,51.30,1,32.31,47.88,0.00
2023-12-03 15:20:59.256023,51.30,51.30,1,32.31,47.88,0.00
2023-12-03 15:20:59.393453,51.30,51.30,1,32.31,47.88,0.00
2023-12-03 15:20:59.537502,51.30,51.30,1,32.31,47.88,0.00
2023-12-03 15:20:59.681636,51.30,51.30,1,32.31,47.88,0.00
2023-12-03 15:20:59.828822,51.30,51.30,1,32.31,47.88,0.00
2023-12-03 15:20:59.985236,51.30,51.30,1,32.31,47.88,0.00
2023-12-03 15:21:00.135150,51.30,51.30,1,32.31,47.88,0.00
2023-12-03 15:21:00.280344,51.30,51.30,1,32.25,47.88,0.00
2023-12-03 15:21:00.423270,51.30,51.30,1,32.25,47.88,0.00
2023-12-03 15:21:00.576714,51.30,51.30,1,32.25,47.88,0.00
2023-12-03 15:21:00.711043,51.30,51.30,1,32.25,47.88,0.00
2023-12-03 15:21:00.855016,51.30,51.30,1,32.25,47.88,0.00
2023-12-03 15:21:01.000058,51.30,51.30,1,32.25,47.88,0.00
2023-12-03 15:21:01.143326,51.30,51.30,1,32.25,47.88,0.00
2023-12-03 15:21:01.285176,51.30,51.30,1,32.25,47.88,0.00
2023-12-03 15:21:01.577850,51.30,51.30,1,32.25,47.88,0.00
2023-12-03 15:21:01.720638,51.30,51.30,1,32.19,47.94,0.00
2023-12-03 15:21:01.865016,51.30,51.30,1,32.19,47.94,0.00
2023-12-03 15:21:02.011844,51.30,51.30,1,32.19,47.94,0.00
2023-12-03 15:21:02.175613,51.30,51.30,1,32.19,47.94,0.00
2023-12-03 15:21:02.448818,51.30,51.30,1,32.19,47.94,0.00
2023-12-03 15:21:02.622269,51.30,51.30,1,32.19,47.94,0.00
2023-12-03 15:21:02.856353,51.30,51.30,1,32.19,47.94,0.00
2023-12-03 15:21:03.151027,51.30,51.30,1,32.19,47.94,0.00
2023-12-03 15:21:03.426904,51.30,51.30,1,32.13,47.94,0.00
2023-12-03 15:21:03.569781,51.30,51.30,1,32.13,47.94,0.00
2023-12-03 15:21:03.712951,51.30,51.30,1,32.13,47.94,0.00
2023-12-03 15:21:03.855469,51.30,51.30,1,32.13,47.94,0.00
2023-12-03 15:21:04.008184,51.30,51.30,1,32.13,47.94,0.00
2023-12-03 15:21:04.157703,51.30,51.30,1,32.13,47.94,0.00
2023-12-03 15:21:04.286923,51.30,51.30,1,32.13,47.94,0.00
2023-12-03 15:21:04.430792,51.30,51.30,1,32.13,47.94,0.00
2023-12-03 15:21:04.574129,51.30,51.30,1,32.13,47.94,0.00
2023-12-03 15:21:04.723298,51.30,51.30,1,32.13,47.94,0.00
2023-12-03 15:21:04.871009,51.30,51.30,1,32.00,47.94,0.00
2023-12-03 15:21:05.011213,51.30,51.30,1,32.00,47.94,0.00
2023-12-03 15:21:05.155808,51.30,51.30,1,32.00,47.94,0.00
2023-12-03 15:21:05.301514,51.30,51.30,1,32.00,47.94,0.00
2023-12-03 15:21:05.442827,51.30,51.30,1,32.00,47.94,0.00
2023-12-03 15:21:05.592058,51.30,51.30,1,32.00,47.94,0.00
2023-12-03 15:21:05.730891,51.30,51.30,1,32.00,47.94,0.00
2023-12-03 15:21:05.873426,51.30,51.30,1,32.00,47.94,0.00
2023-12-03 15:21:06.016672,51.30,51.30,1,32.00,47.94,0.00
2023-12-03 15:21:06.176614,51.30,51.30,1,32.00,47.94,0.00
2023-12-03 15:21:06.308900,51.30,51.30,1,32.00,47.94,0.00
2023-12-03 15:21:06.449743,51.30,51.30,1,31.94,48.00,0.00
2023-12-03 15:21:06.592507,51.30,51.30,1,31.94,48.00,0.00
2023-12-03 15:21:06.735692,51.30,51.30,1,31.94,48.00,0.00
2023-12-03 15:21:06.894528,51.30,51.30,1,31.94,48.00,0.00
2023-12-03 15:21:07.026214,51.30,51.30,1,31.94,48.00,0.00
2023-12-03 15:21:07.168578,51.30,51.30,1,31.94,48.00,0.00
2023-12-03 15:21:07.309349,51.30,51.30,1,31.94,48.00,0.00
2023-12-03 15:21:07.452942,51.30,51.30,1,31.94,48.00,0.00
2023-12-03 15:21:07.608633,51.30,51.30,1,31.94,48.00,0.00
2023-12-03 15:21:07.742440,51.30,51.30,1,31.94,48.00,0.00
2023-12-03 15:21:07.882456,51.30,51.30,1,31.94,48.00,0.00
2023-12-03 15:21:08.027435,51.30,51.30,1,31.87,48.00,0.00
2023-12-03 15:21:08.171398,51.30,51.30,1,31.87,48.00,0.00
2023-12-03 15:21:08.318425,51.30,51.30,1,31.87,48.00,0.00
2023-12-03 15:21:08.596305,51.30,51.30,1,31.87,48.00,0.00
2023-12-03 15:21:08.739908,51.30,51.30,1,31.87,48.00,0.00
2023-12-03 15:21:09.023717,51.30,51.30,1,31.87,48.00,0.00
2023-12-03 15:21:09.169900,51.30,51.30,1,31.87,48.00,0.00
2023-12-03 15:21:09.309174,51.30,51.30,1,31.87,48.00,0.00
2023-12-03 15:21:09.455031,51.30,51.30,1,31.87,48.00,0.00
2023-12-03 15:21:09.601453,51.30,51.30,1,31.81,48.00,0.00
2023-12-03 15:21:09.739376,51.30,51.30,1,31.81,48.00,0.00
2023-12-03 15:21:09.885656,51.30,51.30,1,31.81,48.00,0.00
2023-12-03 15:21:10.029340,51.30,51.30,1,31.81,48.00,0.00
2023-12-03 15:21:10.173328,51.30,51.30,1,31.81,48.00,0.00
2023-12-03 15:21:10.451262,51.30,51.30,1,31.81,48.00,0.00
2023-12-03 15:21:10.598103,51.30,51.30,1,31.81,48.00,0.00
2023-12-03 15:21:10.739539,51.30,51.30,1,31.81,48.00,0.00
2023-12-03 15:21:10.885021,51.30,51.30,1,31.81,48.00,0.00
2023-12-03 15:21:11.032874,51.30,51.30,1,31.81,48.00,0.00
2023-12-03 15:21:11.171368,51.30,51.30,1,31.75,48.00,0.00
2023-12-03 15:21:11.312551,51.30,51.30,1,31.75,48.00,0.00
2023-12-03 15:21:11.456669,51.30,51.30,1,31.75,48.00,0.00
2023-12-03 15:21:11.604210,51.30,51.30,1,31.75,48.00,0.00
2023-12-03 15:21:11.749524,51.30,51.30,1,31.75,48.00,0.00
2023-12-03 15:21:11.888313,51.30,51.30,1,31.75,48.00,0.00
2023-12-03 15:21:12.034264,51.30,51.30,1,31.75,48.00,0.00
2023-12-03 15:21:12.176041,51.30,51.30,1,31.75,48.00,0.00
2023-12-03 15:21:12.322697,51.30,51.30,1,31.75,48.00,0.00
2023-12-03 15:21:12.467011,51.30,51.30,1,31.75,48.00,0.00
2023-12-03 15:21:12.606822,51.30,51.30,1,31.75,48.00,0.00
2023-12-03 15:21:12.751993,51.30,51.30,1,31.69,48.00,0.00
2023-12-03 15:21:12.891531,51.30,51.30,1,31.69,48.00,0.00
2023-12-03 15:21:13.036191,51.30,51.30,1,31.69,48.00,0.00
2023-12-03 15:21:13.187261,51.30,51.30,1,31.69,48.00,0.00
2023-12-03 15:21:13.323721,51.30,51.30,1,31.69,48.00,0.00
2023-12-03 15:21:13.467661,51.30,51.30,1,31.69,48.00,0.00
2023-12-03 15:21:13.612238,51.30,51.30,1,31.69,48.00,0.00
2023-12-03 15:21:13.756283,51.30,51.30,1,31.69,48.00,0.00
2023-12-03 15:21:13.898872,51.30,51.30,1,31.69,48.00,0.00
2023-12-03 15:21:14.049461,51.30,51.30,1,31.69,48.00,0.00
2023-12-03 15:21:14.330875,51.30,51.30,1,31.62,48.00,0.00
2023-12-03 15:21:14.489378,51.30,51.30,1,31.62,48.00,0.00
2023-12-03 15:21:14.756373,51.30,51.30,1,31.62,48.00,0.00
2023-12-03 15:21:14.901244,51.30,51.30,1,31.62,48.00,0.00
2023-12-03 15:21:15.045102,51.30,51.30,1,31.62,48.00,0.00
2023-12-03 15:21:15.190792,51.30,51.30,1,31.62,48.00,0.00
2023-12-03 15:21:15.335121,51.30,51.30,1,31.62,48.00,0.00
2023-12-03 15:21:15.475726,51.30,51.30,1,31.62,48.00,0.00
2023-12-03 15:21:15.645741,51.30,51.30,1,31.62,48.00,0.00
2023-12-03 15:21:15.921923,51.30,51.30,1,31.62,48.00,0.00
2023-12-03 15:21:16.065952,51.30,51.30,1,31.62,48.00,0.00
2023-12-03 15:21:16.291473,51.30,51.30,1,31.62,48.00,0.00
2023-12-03 15:21:16.623704,51.30,51.30,1,31.62,48.00,0.00
2023-12-03 15:21:16.766236,51.30,51.30,1,31.62,48.00,0.00
2023-12-03 15:21:16.907702,51.30,51.30,1,31.62,48.00,0.00
2023-12-03 15:21:17.054533,51.30,51.30,1,31.62,48.00,0.00
2023-12-03 15:21:17.211898,51.30,51.30,1,31.62,48.00,0.00
2023-12-03 15:21:17.362396,51.30,51.30,1,31.62,48.00,0.00
2023-12-03 15:21:17.505806,51.30,51.30,1,31.56,48.06,0.00
2023-12-03 15:21:17.649676,51.30,51.30,1,31.56,48.06,0.00
2023-12-03 15:21:17.793747,51.30,51.30,1,31.56,48.06,0.00
2023-12-03 15:21:18.079358,51.30,51.30,1,31.56,48.06,0.00
2023-12-03 15:21:18.218286,51.30,51.30,1,31.56,48.06,0.00
2023-12-03 15:21:18.362234,51.30,51.30,1,31.56,48.06,0.00
2023-12-03 15:21:18.507880,51.30,51.30,1,31.56,48.06,0.00
2023-12-03 15:21:18.653854,51.30,51.30,1,31.56,48.06,0.00
2023-12-03 15:21:18.814630,51.30,51.30,1,31.56,48.06,0.00
2023-12-03 15:21:18.952542,51.30,51.30,1,31.50,48.06,0.00
2023-12-03 15:21:19.099032,51.30,51.30,1,31.50,48.06,0.00
2023-12-03 15:21:19.242711,51.30,51.30,1,31.50,48.06,0.00
2023-12-03 15:21:19.386882,51.30,51.30,1,31.50,48.06,0.00
2023-12-03 15:21:19.532240,51.30,51.30,1,31.50,48.06,0.00
2023-12-03 15:21:19.681984,51.30,51.30,1,31.50,48.06,0.00
2023-12-03 15:21:19.953292,51.30,51.30,1,31.50,48.06,0.00
2023-12-03 15:21:20.096717,51.30,51.30,1,31.50,48.06,0.00
2023-12-03 15:21:20.242000,51.30,51.30,1,31.50,48.06,0.00
2023-12-03 15:21:20.393602,51.30,51.30,1,31.50,48.06,0.00
2023-12-03 15:21:20.536620,51.30,51.30,1,31.44,48.06,0.00
2023-12-03 15:21:20.678485,51.30,51.30,1,31.44,48.06,0.00
2023-12-03 15:21:20.824196,51.30,51.30,1,31.44,48.06,0.00
2023-12-03 15:21:20.966565,51.30,51.30,1,31.44,48.06,0.00
2023-12-03 15:21:21.118122,51.30,51.30,1,31.44,48.06,0.00
2023-12-03 15:21:21.266786,51.30,51.30,1,31.44,48.06,0.00
2023-12-03 15:21:21.399932,51.30,51.30,1,31.44,48.06,0.00
2023-12-03 15:21:21.545096,51.30,51.30,1,31.44,48.06,0.00
2023-12-03 15:21:21.686869,51.30,51.30,1,31.44,48.06,0.00
2023-12-03 15:21:21.834018,51.30,51.30,1,31.44,48.06,0.00
2023-12-03 15:21:21.980390,51.30,51.30,1,31.44,48.06,0.00
2023-12-03 15:21:22.118320,51.30,51.30,1,31.44,48.06,0.00
2023-12-03 15:21:22.270302,51.30,51.30,1,31.44,48.06,0.00
2023-12-03 15:21:22.543597,51.30,51.30,1,31.44,48.06,0.00
2023-12-03 15:21:22.685821,51.30,51.30,1,31.44,48.06,0.00
2023-12-03 15:21:22.833323,51.30,51.30,1,31.44,48.06,0.00
2023-12-03 15:21:22.974644,51.30,51.30,1,31.44,48.06,0.00
2023-12-03 15:21:23.117839,51.30,51.30,1,31.44,48.06,0.00
2023-12-03 15:21:23.261413,51.30,51.30,1,31.44,48.06,0.00
2023-12-03 15:21:23.405710,51.30,51.30,1,31.44,48.06,0.00
2023-12-03 15:21:23.548344,51.30,51.30,1,31.44,48.06,0.00
2023-12-03 15:21:23.696012,51.30,51.30,1,31.37,48.06,0.00
2023-12-03 15:21:23.976816,51.30,51.30,1,31.37,48.06,0.00
2023-12-03 15:21:24.116404,51.30,51.30,1,31.37,48.06,0.00
2023-12-03 15:21:24.258642,51.30,51.30,1,31.37,48.06,0.00
2023-12-03 15:21:24.403382,51.30,51.30,1,31.37,48.06,0.00
2023-12-03 15:21:24.681579,51.30,51.30,1,31.37,48.06,0.00
2023-12-03 15:21:24.834454,51.30,51.30,1,31.37,48.06,0.00
2023-12-03 15:21:25.111504,51.30,51.30,1,31.37,48.06,0.00
2023-12-03 15:21:25.258081,51.30,51.30,1,31.37,48.13,0.00
2023-12-03 15:21:25.397685,51.30,51.30,1,31.37,48.13,0.00
2023-12-03 15:21:25.547530,51.30,51.30,1,31.37,48.13,0.00
2023-12-03 15:21:25.681677,51.30,51.30,1,31.37,48.13,0.00
2023-12-03 15:21:25.825799,51.30,51.30,1,31.37,48.13,0.00
2023-12-03 15:21:25.976974,51.30,51.30,1,31.37,48.13,0.00
2023-12-03 15:21:26.117935,51.30,51.30,1,31.37,48.13,0.00
2023-12-03 15:21:26.264682,51.30,51.30,1,31.37,48.13,0.00
2023-12-03 15:21:26.401798,51.30,51.30,1,31.37,48.13,0.00
2023-12-03 15:21:26.554086,51.30,51.30,1,31.37,48.13,0.00
2023-12-03 15:21:26.686376,51.30,51.30,1,31.37,48.13,0.00
2023-12-03 15:21:26.830871,51.30,51.30,1,31.31,48.13,0.00
2023-12-03 15:21:26.978233,51.30,51.30,1,31.31,48.13,0.00
2023-12-03 15:21:27.120716,51.30,51.30,1,31.31,48.13,0.00
2023-12-03 15:21:27.264919,51.30,51.30,1,31.31,48.13,0.00
2023-12-03 15:21:27.407740,51.30,51.30,1,31.31,48.13,0.00
2023-12-03 15:21:27.549842,51.30,51.30,1,31.31,48.13,0.00
2023-12-03 15:21:27.699366,51.30,51.30,1,31.31,48.13,0.00
2023-12-03 15:21:27.836516,51.30,51.30,1,31.31,48.13,0.00
2023-12-03 15:21:27.992419,51.30,51.30,1,31.31,48.13,0.00
2023-12-03 15:21:28.123311,51.30,51.30,1,31.31,48.13,0.00
2023-12-03 15:21:28.266700,51.30,51.30,1,31.31,48.13,0.00
2023-12-03 15:21:28.414469,51.30,51.30,1,31.31,48.13,0.00
2023-12-03 15:21:28.552079,51.30,51.30,1,31.31,48.13,0.00
2023-12-03 15:21:28.699130,51.30,51.30,1,31.31,48.13,0.00
2023-12-03 15:21:28.840936,51.30,51.30,1,31.31,48.13,0.00
2023-12-03 15:21:28.983728,51.30,51.30,1,31.31,48.13,0.00
2023-12-03 15:21:29.131648,51.30,51.30,1,31.31,48.13,0.00
2023-12-03 15:21:29.270906,51.30,51.30,1,31.31,48.13,0.00
2023-12-03 15:21:29.543345,51.30,51.30,1,31.31,48.13,0.00
2023-12-03 15:21:29.891817,51.30,51.30,1,31.31,48.13,0.00
2023-12-03 15:21:30.113725,51.30,51.30,1,31.25,48.19,0.00
2023-12-03 15:21:30.273220,51.30,51.30,1,31.25,48.19,0.00
2023-12-03 15:21:30.535713,51.30,51.30,1,31.25,48.19,0.00
2023-12-03 15:21:31.777461,51.30,51.30,1,31.25,48.19,0.00
2023-12-03 15:21:31.922044,51.30,51.30,1,31.25,48.19,0.00
2023-12-03 15:21:32.067231,51.30,51.30,1,31.25,48.19,0.00
2023-12-03 15:21:32.220487,51.30,51.30,1,31.25,48.19,0.00
2023-12-03 15:21:32.352903,51.30,51.30,1,31.25,48.19,0.00
2023-12-03 15:21:32.497367,51.30,51.30,1,31.25,48.19,0.00
2023-12-03 15:21:32.641786,51.30,51.30,1,31.25,48.19,0.00
2023-12-03 15:21:32.784778,51.30,51.30,1,31.25,48.19,0.00
2023-12-03 15:21:32.933713,51.30,51.30,1,31.25,48.19,0.00
2023-12-03 15:21:33.089197,51.30,51.30,1,31.19,48.19,0.00
2023-12-03 15:21:33.218436,51.30,51.30,1,31.19,48.19,0.00
2023-12-03 15:21:33.361536,51.30,51.30,1,31.19,48.19,0.00
2023-12-03 15:21:33.506505,51.30,51.30,1,31.19,48.19,0.00
2023-12-03 15:21:33.649929,51.30,51.30,1,31.19,48.19,0.00
2023-12-03 15:21:33.793705,51.30,51.30,1,31.19,48.19,0.00
2023-12-03 15:21:33.942183,51.30,51.30,1,31.19,48.19,0.00
2023-12-03 15:21:34.081092,51.30,51.30,1,31.19,48.19,0.00
2023-12-03 15:21:34.229222,51.30,51.30,1,31.19,48.19,0.00
2023-12-03 15:21:34.369626,51.30,51.30,1,31.19,48.19,0.00
2023-12-03 15:21:34.515363,51.30,51.30,1,31.19,48.19,0.00
2023-12-03 15:21:34.663019,51.30,51.30,1,31.19,48.19,0.00
2023-12-03 15:21:34.801642,51.30,51.30,1,31.19,48.19,0.00
2023-12-03 15:21:34.943198,51.30,51.30,1,31.19,48.19,0.00
2023-12-03 15:21:35.088791,51.30,51.30,1,31.19,48.19,0.00
2023-12-03 15:21:35.232895,51.30,51.30,1,31.19,48.19,0.00
2023-12-03 15:21:35.378926,51.30,51.30,1,31.19,48.19,0.00
2023-12-03 15:21:35.521743,51.30,51.30,1,31.19,48.19,0.00
2023-12-03 15:21:35.668315,51.30,51.30,1,31.19,48.19,0.00
2023-12-03 15:21:35.812573,51.30,51.30,1,31.19,48.19,0.00
2023-12-03 15:21:36.087562,51.30,51.30,1,31.19,48.19,0.00
2023-12-03 15:21:36.229976,51.30,51.30,1,31.19,48.19,0.00
2023-12-03 15:21:36.379380,51.30,51.30,1,31.19,48.19,0.00
2023-12-03 15:21:36.653548,51.30,51.30,1,31.19,48.19,0.00
2023-12-03 15:21:36.799353,51.30,51.30,1,31.19,48.19,0.00
2023-12-03 15:21:36.939909,51.30,51.30,1,31.19,48.19,0.00
2023-12-03 15:21:37.090755,51.30,51.30,1,31.19,48.19,0.00
2023-12-03 15:21:37.367614,51.30,51.30,1,31.19,48.19,0.00
2023-12-03 15:21:37.513621,51.30,51.30,1,31.19,48.19,0.00
2023-12-03 15:21:37.657007,51.30,51.30,1,31.19,48.19,0.00
2023-12-03 15:21:37.798998,51.30,51.30,1,31.12,48.19,0.00
2023-12-03 15:21:37.944181,51.30,51.30,1,31.12,48.19,0.00
2023-12-03 15:21:38.088092,51.30,51.30,1,31.12,48.19,0.00
2023-12-03 15:21:38.232834,51.30,51.30,1,31.12,48.19,0.00
2023-12-03 15:21:38.373069,51.30,51.30,1,31.12,48.19,0.00
2023-12-03 15:21:38.516431,51.30,51.30,1,31.12,48.19,0.00
2023-12-03 15:21:38.661853,51.30,51.30,1,31.12,48.19,0.00
2023-12-03 15:21:38.803127,51.30,51.30,1,31.12,48.19,0.00
2023-12-03 15:21:38.950475,51.30,51.30,1,31.12,48.19,0.00
2023-12-03 15:21:39.090950,51.30,51.30,1,31.12,48.19,0.00
2023-12-03 15:21:39.233516,51.30,51.30,1,31.12,48.19,0.00
2023-12-03 15:21:39.379195,51.30,51.30,1,31.12,48.19,0.00
2023-12-03 15:21:39.520799,51.30,51.30,1,31.12,48.19,0.00
2023-12-03 15:21:39.666389,51.30,51.30,1,31.12,48.19,0.00
2023-12-03 15:21:39.807912,51.30,51.30,1,31.12,48.19,0.00
2023-12-03 15:21:39.957269,51.30,51.30,1,31.12,48.19,0.00
2023-12-03 15:21:40.101740,51.30,51.30,1,31.12,48.19,0.00
2023-12-03 15:21:40.267292,51.30,51.30,1,31.12,48.19,0.00
2023-12-03 15:21:40.522734,51.30,51.30,1,31.12,48.19,0.00
2023-12-03 15:21:40.667287,51.30,51.30,1,31.12,48.19,0.00
2023-12-03 15:21:40.811258,51.30,51.30,1,31.12,48.19,0.00
2023-12-03 15:21:40.957261,51.30,51.30,1,31.12,48.19,0.00
2023-12-03 15:21:41.119653,51.30,51.30,1,31.12,48.19,0.00
2023-12-03 15:21:41.381012,51.30,51.30,1,31.12,48.19,0.00
2023-12-03 15:21:41.529969,51.30,51.30,1,31.12,48.19,0.00
2023-12-03 15:21:41.669125,51.30,51.30,1,31.12,48.19,0.00
2023-12-03 15:21:41.815025,51.30,51.30,1,31.12,48.19,0.00
2023-12-03 15:21:41.959372,51.30,51.30,1,31.12,48.19,0.00
2023-12-03 15:21:42.101534,51.30,51.30,1,31.12,48.19,0.00
2023-12-03 15:21:42.264708,51.30,51.30,1,31.12,48.19,0.00
2023-12-03 15:21:42.408251,51.30,51.30,1,31.12,48.19,0.00
2023-12-03 15:21:42.841398,51.30,51.30,1,31.06,48.19,0.00
2023-12-03 15:21:43.140308,51.30,51.30,1,31.06,48.19,0.00
2023-12-03 15:21:43.392878,51.30,51.30,1,31.06,48.19,0.00
2023-12-03 15:21:43.531227,51.30,51.30,1,31.06,48.19,0.00
2023-12-03 15:21:43.676494,51.30,51.30,1,31.06,48.19,0.00
2023-12-03 15:21:43.841197,51.30,51.30,1,31.06,48.19,0.00
2023-12-03 15:21:43.980976,51.30,51.30,1,31.06,48.19,0.00
2023-12-03 15:21:44.124523,51.30,51.30,1,31.06,48.19,0.00
2023-12-03 15:21:44.269584,51.30,51.30,1,31.06,48.19,0.00
2023-12-03 15:21:44.548154,51.30,51.30,1,31.06,48.19,0.00
2023-12-03 15:21:44.699889,51.30,51.30,1,31.06,48.19,0.00
2023-12-03 15:21:44.849756,51.30,51.30,1,31.06,48.19,0.00
2023-12-03 15:21:44.987206,51.30,51.30,1,31.06,48.19,0.00
2023-12-03 15:21:45.263219,51.30,51.30,1,31.06,48.19,0.00
2023-12-03 15:21:45.421821,51.30,51.30,1,31.06,48.19,0.00
2023-12-03 15:21:45.571009,51.30,51.30,1,31.06,48.19,0.00
2023-12-03 15:21:45.719246,51.30,51.30,1,31.06,48.19,0.00
2023-12-03 15:21:45.857526,51.30,51.30,1,31.06,48.19,0.00
2023-12-03 15:21:46.007514,51.30,51.30,1,31.06,48.19,0.00
2023-12-03 15:21:46.145702,51.30,51.30,1,31.06,48.19,0.00
2023-12-03 15:21:46.288673,51.30,51.30,1,31.06,48.19,0.00
2023-12-03 15:21:46.437848,51.30,51.30,1,31.06,48.19,0.00
2023-12-03 15:21:46.576035,51.30,51.30,1,31.06,48.19,0.00
2023-12-03 15:21:46.719833,51.30,51.30,1,31.06,48.19,0.00
2023-12-03 15:21:46.865463,51.30,51.30,1,31.06,48.19,0.00
2023-12-03 15:21:47.014133,51.30,51.30,1,31.06,48.19,0.00
2023-12-03 15:21:47.156851,51.30,51.30,1,31.06,48.19,0.00
2023-12-03 15:21:47.301050,51.30,51.30,1,31.06,48.19,0.00
2023-12-03 15:21:47.450197,51.30,51.30,1,31.06,48.19,0.00
2023-12-03 15:21:47.600296,51.30,51.30,1,31.06,48.19,0.00
2023-12-03 15:21:47.732924,51.30,51.30,1,31.06,48.19,0.00
2023-12-03 15:21:47.877038,51.30,51.30,1,31.06,48.19,0.00
2023-12-03 15:21:48.023163,51.30,51.30,1,31.06,48.19,0.00
2023-12-03 15:21:48.166251,51.30,51.30,1,31.06,48.19,0.00
2023-12-03 15:21:48.314596,51.30,51.30,1,31.06,48.19,0.00
2023-12-03 15:21:48.454536,51.30,51.30,1,31.06,48.19,0.00
2023-12-03 15:21:48.599243,51.30,51.30,1,31.06,48.19,0.00
2023-12-03 15:21:48.878023,51.30,51.30,1,31.06,48.19,0.00
2023-12-03 15:21:49.022715,51.30,51.30,1,31.06,48.19,0.00
2023-12-03 15:21:49.164097,51.30,51.30,1,31.06,48.19,0.00
2023-12-03 15:21:49.308625,51.30,51.30,1,31.06,48.19,0.00
2023-12-03 15:21:49.453667,51.30,51.30,1,31.06,48.19,0.00
2023-12-03 15:21:49.595945,51.30,51.30,1,31.06,48.19,0.00
2023-12-03 15:21:49.743123,51.30,51.30,1,31.06,48.19,0.00
2023-12-03 15:21:50.021754,51.30,51.30,1,31.06,48.19,0.00
2023-12-03 15:21:50.168213,51.30,51.30,1,31.06,48.19,0.00
2023-12-03 15:21:50.311596,51.30,51.30,1,31.00,48.19,0.00
2023-12-03 15:21:50.462534,51.30,51.30,1,31.00,48.19,0.00
2023-12-03 15:21:50.598911,51.30,51.30,1,31.00,48.19,0.00
2023-12-03 15:21:50.740704,51.30,51.30,1,31.00,48.19,0.00
2023-12-03 15:21:50.890030,51.30,51.30,1,31.00,48.19,0.00
2023-12-03 15:21:51.029522,51.30,51.30,1,31.00,48.19,0.00
2023-12-03 15:21:51.175747,51.30,51.30,1,31.00,48.19,0.00
2023-12-03 15:21:51.316585,51.30,51.30,1,31.00,48.19,0.00
2023-12-03 15:21:51.460918,51.30,51.30,1,31.00,48.19,0.00
2023-12-03 15:21:51.604362,51.30,51.30,1,31.00,48.19,0.00
2023-12-03 15:21:51.746302,51.30,51.30,1,31.00,48.19,0.00
2023-12-03 15:21:51.891526,51.30,51.30,1,31.06,48.19,0.00
2023-12-03 15:21:52.035819,51.30,51.30,1,31.06,48.19,0.00
2023-12-03 15:21:52.184732,51.30,51.30,1,31.06,48.19,0.00
2023-12-03 15:21:52.322656,51.30,51.30,1,31.06,48.19,0.00
2023-12-03 15:21:52.466049,51.30,51.30,1,31.06,48.19,0.00
2023-12-03 15:21:52.612629,51.30,51.30,1,31.06,48.19,0.00
2023-12-03 15:21:52.759399,51.30,51.30,1,31.06,48.19,0.00
2023-12-03 15:21:52.901899,51.30,51.30,1,31.06,48.19,0.00
2023-12-03 15:21:53.043934,51.30,51.30,1,31.06,48.19,0.00
2023-12-03 15:21:53.200773,51.30,51.30,1,31.06,48.19,0.00
2023-12-03 15:21:53.336216,51.30,51.30,1,31.06,48.19,0.00
2023-12-03 15:21:53.620364,51.30,51.30,1,31.00,48.25,0.00
2023-12-03 15:21:53.752740,51.30,51.30,1,31.00,48.25,0.00
2023-12-03 15:21:53.898065,51.30,51.30,1,31.00,48.25,0.00
2023-12-03 15:21:54.042154,51.30,51.30,1,31.00,48.25,0.00
2023-12-03 15:21:54.183463,51.30,51.30,1,31.00,48.25,0.00
2023-12-03 15:21:54.327549,51.30,51.30,1,31.00,48.25,0.00
2023-12-03 15:21:54.471630,51.30,51.30,1,31.00,48.25,0.00
2023-12-03 15:21:54.614757,51.30,51.30,1,31.00,48.25,0.00
2023-12-03 15:21:54.761213,51.30,51.30,1,31.00,48.25,0.00
2023-12-03 15:21:54.902097,51.30,51.30,1,31.00,48.25,0.00
2023-12-03 15:21:55.046163,51.30,51.30,1,31.06,48.25,0.00
2023-12-03 15:21:55.191046,51.30,51.30,1,31.06,48.25,0.00
2023-12-03 15:21:55.346033,51.30,51.30,1,31.06,48.25,0.00
2023-12-03 15:21:55.615474,51.30,51.30,1,31.06,48.25,0.00
2023-12-03 15:21:55.758939,51.30,51.30,1,31.06,48.25,0.00
2023-12-03 15:21:56.140026,51.30,51.30,1,31.06,48.25,0.00
2023-12-03 15:21:56.350964,51.30,51.30,1,31.06,48.25,0.00
2023-12-03 15:21:56.602412,51.30,51.30,1,31.06,48.25,0.00
2023-12-03 15:21:56.754836,51.30,51.30,1,31.06,48.25,0.00
2023-12-03 15:21:56.889219,51.30,51.30,1,31.06,48.25,0.00
2023-12-03 15:21:57.032049,51.30,51.30,1,31.06,48.25,0.00
2023-12-03 15:21:57.177014,51.30,51.30,1,31.06,48.25,0.00
2023-12-03 15:21:57.322751,51.30,51.30,1,31.06,48.25,0.00
2023-12-03 15:21:57.469675,51.30,51.30,1,31.06,48.25,0.00
2023-12-03 15:21:57.607798,51.30,51.30,1,31.06,48.25,0.00
2023-12-03 15:21:57.762652,51.30,51.30,1,31.06,48.25,0.00
2023-12-03 15:21:57.896315,51.30,51.30,1,31.06,48.25,0.00
2023-12-03 15:21:58.037130,51.30,51.30,1,31.06,48.25,0.00
2023-12-03 15:21:58.189335,51.30,51.30,1,31.06,48.25,0.00
2023-12-03 15:21:58.460071,51.30,51.30,1,31.06,48.25,0.00
2023-12-03 15:21:58.605495,51.30,51.30,1,31.06,48.25,0.00
2023-12-03 15:21:58.886469,51.30,51.30,1,31.06,48.25,0.00
2023-12-03 15:21:59.034239,51.30,51.30,1,31.06,48.25,0.00
2023-12-03 15:21:59.171895,51.30,51.30,1,31.06,48.25,0.00
2023-12-03 15:21:59.316079,51.30,51.30,1,31.06,48.25,0.00
2023-12-03 15:21:59.461277,51.30,51.30,1,31.06,48.25,0.00
2023-12-03 15:21:59.604745,51.30,51.30,1,31.06,48.25,0.00
2023-12-03 15:21:59.749068,51.30,51.30,1,31.06,48.31,0.00
2023-12-03 15:21:59.900557,51.30,51.30,1,31.06,48.31,0.00
2023-12-03 15:22:00.039739,51.30,51.30,1,31.06,48.31,0.00
2023-12-03 15:22:00.316559,51.30,51.30,1,31.06,48.31,0.00
2023-12-03 15:22:00.462499,51.30,51.30,1,31.06,48.31,0.00
2023-12-03 15:22:00.743603,51.30,51.30,1,31.06,48.31,0.00
2023-12-03 15:22:00.884082,51.30,51.30,1,31.06,48.31,0.00
2023-12-03 15:22:01.027384,51.30,51.30,1,31.06,48.31,0.00
2023-12-03 15:22:01.173990,51.30,51.30,1,31.06,48.31,0.00
2023-12-03 15:22:01.318370,51.30,51.30,1,31.06,48.31,0.00
2023-12-03 15:22:01.460612,51.30,51.30,1,31.06,48.31,0.00
2023-12-03 15:22:01.605957,51.30,51.30,1,31.06,48.31,0.00
2023-12-03 15:22:01.745715,51.30,51.30,1,31.06,48.31,0.00
2023-12-03 15:22:01.892044,51.30,51.30,1,31.06,48.31,0.00
2023-12-03 15:22:02.168910,51.30,51.30,1,31.06,48.31,0.00
2023-12-03 15:22:02.315178,51.30,51.30,1,31.06,48.31,0.00
2023-12-03 15:22:02.457463,51.30,51.30,1,31.06,48.31,0.00
2023-12-03 15:22:02.615184,51.30,51.30,1,31.06,48.31,0.00
2023-12-03 15:22:02.763866,51.30,51.30,1,31.06,48.31,0.00
2023-12-03 15:22:02.908420,51.30,51.30,1,31.06,48.31,0.00
2023-12-03 15:22:03.463829,51.30,51.30,1,31.06,48.31,0.00
2023-12-03 15:22:03.609505,51.30,51.30,1,31.06,48.31,0.00
2023-12-03 15:22:03.751164,51.30,51.30,1,31.06,48.31,0.00
2023-12-03 15:22:03.895786,51.30,51.30,1,31.06,48.31,0.00
2023-12-03 15:22:04.041225,51.30,51.30,1,31.06,48.31,0.00
2023-12-03 15:22:04.197546,51.30,51.30,1,31.06,48.31,0.00
2023-12-03 15:22:04.346452,51.30,51.30,1,31.06,48.31,0.00
2023-12-03 15:22:04.489080,51.30,51.30,1,31.06,48.38,0.00
2023-12-03 15:22:04.634938,51.30,51.30,1,31.06,48.38,0.00
2023-12-03 15:22:04.777420,51.30,51.30,1,31.06,48.38,0.00
2023-12-03 15:22:04.920735,51.30,51.30,1,31.06,48.38,0.00
2023-12-03 15:22:05.070086,51.30,51.30,1,31.06,48.38,0.00
2023-12-03 15:22:05.209384,51.30,51.30,1,31.06,48.38,0.00
2023-12-03 15:22:05.358298,51.30,51.30,1,31.06,48.38,0.00
2023-12-03 15:22:05.498365,51.30,51.30,1,31.06,48.38,0.00
2023-12-03 15:22:05.641206,51.30,51.30,1,31.06,48.38,0.00
2023-12-03 15:22:05.796294,51.30,51.30,1,31.06,48.38,0.00
2023-12-03 15:22:05.938937,51.30,51.30,1,31.06,48.38,0.00
2023-12-03 15:22:06.084861,51.30,51.30,1,31.06,48.38,0.00
2023-12-03 15:22:06.229682,51.30,51.30,1,31.06,48.38,0.00
2023-12-03 15:22:06.372318,51.30,51.30,1,31.06,48.38,0.00
2023-12-03 15:22:06.516411,51.30,51.30,1,31.06,48.38,0.00
2023-12-03 15:22:06.700336,51.30,51.30,1,31.06,48.38,0.00
2023-12-03 15:22:06.956002,51.30,51.30,1,31.06,48.38,0.00
2023-12-03 15:22:07.081671,51.30,51.30,1,31.06,48.38,0.00
2023-12-03 15:22:07.226390,51.30,51.30,1,31.06,48.38,0.00
2023-12-03 15:22:07.374973,51.30,51.30,1,31.06,48.38,0.00
2023-12-03 15:22:07.519351,51.30,51.30,1,31.12,48.38,0.00
2023-12-03 15:22:07.660821,51.30,51.30,1,31.12,48.38,0.00
2023-12-03 15:22:07.805499,51.30,51.30,1,31.12,48.38,0.00
2023-12-03 15:22:08.087964,51.30,51.30,1,31.12,48.38,0.00
2023-12-03 15:22:08.234916,51.30,51.30,1,31.12,48.38,0.00
2023-12-03 15:22:08.377387,51.30,51.30,1,31.12,48.38,0.00
2023-12-03 15:22:08.516056,51.30,51.30,1,31.12,48.38,0.00
2023-12-03 15:22:08.663051,51.30,51.30,1,31.12,48.38,0.00
2023-12-03 15:22:08.805923,51.30,51.30,1,31.12,48.38,0.00
2023-12-03 15:22:08.953595,51.30,51.30,1,31.12,48.38,0.00
2023-12-03 15:22:09.266309,51.30,51.30,1,31.12,48.38,0.00
2023-12-03 15:22:09.518777,51.30,51.30,1,31.12,48.38,0.00
2023-12-03 15:22:09.657004,51.30,51.30,1,31.12,48.38,0.00
2023-12-03 15:22:09.800719,51.30,51.30,1,31.12,48.38,0.00
2023-12-03 15:22:09.945983,51.30,51.30,1,31.12,48.38,0.00
2023-12-03 15:22:10.094019,51.30,51.30,1,31.12,48.38,0.00
2023-12-03 15:22:10.230176,51.30,51.30,1,31.12,48.38,0.00
2023-12-03 15:22:10.374538,51.30,51.30,1,31.12,48.38,0.00
2023-12-03 15:22:10.658404,51.30,51.30,1,31.12,48.38,0.00
2023-12-03 15:22:10.805362,51.30,51.30,1,31.12,48.38,0.00
2023-12-03 15:22:10.949115,51.30,51.30,1,31.12,48.38,0.00
2023-12-03 15:22:11.089722,51.30,51.30,1,31.12,48.38,0.00
2023-12-03 15:22:11.237346,51.30,51.30,1,31.12,48.38,0.00
2023-12-03 15:22:11.378179,51.30,51.30,1,31.12,48.38,0.00
2023-12-03 15:22:11.523277,51.30,51.30,1,31.12,48.38,0.00
2023-12-03 15:22:11.667456,51.30,51.30,1,31.12,48.38,0.00
2023-12-03 15:22:11.814317,51.30,51.30,1,31.12,48.38,0.00
2023-12-03 15:22:11.959274,51.30,51.30,1,31.12,48.38,0.00
2023-12-03 15:22:12.097644,51.30,51.30,1,31.12,48.38,0.00
2023-12-03 15:22:12.244093,51.30,51.30,1,31.19,48.44,0.00
2023-12-03 15:22:12.386172,51.30,51.30,1,31.19,48.44,0.00
2023-12-03 15:22:12.534115,51.30,51.30,1,31.19,48.44,0.00
2023-12-03 15:22:12.672591,51.30,51.30,1,31.19,48.44,0.00
2023-12-03 15:22:12.816296,51.30,51.30,1,31.19,48.44,0.00
2023-12-03 15:22:12.969980,51.30,51.30,1,31.19,48.44,0.00
2023-12-03 15:22:13.249253,51.30,51.30,1,31.19,48.44,0.00
2023-12-03 15:22:13.521899,51.30,51.30,1,31.19,48.44,0.00
2023-12-03 15:22:13.665009,51.30,51.30,1,31.19,48.44,0.00
2023-12-03 15:22:13.809657,51.30,51.30,1,31.19,48.44,0.00
2023-12-03 15:22:13.949880,51.30,51.30,1,31.19,48.44,0.00
2023-12-03 15:22:14.112276,51.30,51.30,1,31.19,48.44,0.00
2023-12-03 15:22:14.378078,51.30,51.30,1,31.19,48.44,0.00
2023-12-03 15:22:14.519660,51.30,51.30,1,31.19,48.44,0.00
2023-12-03 15:22:14.662158,51.30,51.30,1,31.19,48.44,0.00
2023-12-03 15:22:14.815096,51.30,51.30,1,31.19,48.44,0.00
2023-12-03 15:22:15.090971,51.30,51.30,1,31.19,48.44,0.00
2023-12-03 15:22:15.243314,51.30,51.30,1,31.19,48.44,0.00
2023-12-03 15:22:15.372486,51.30,51.30,1,31.19,48.44,0.00
2023-12-03 15:22:15.519484,51.30,51.30,1,31.19,48.44,0.00
2023-12-03 15:22:15.659801,51.30,51.30,1,31.19,48.44,0.00
2023-12-03 15:22:15.802746,51.30,51.30,1,31.19,48.44,0.00
2023-12-03 15:22:15.952618,51.30,51.30,1,31.19,48.44,0.00
2023-12-03 15:22:16.095066,51.30,51.30,1,31.19,48.44,0.00
2023-12-03 15:22:16.375010,51.30,51.30,1,31.19,48.44,0.00
2023-12-03 15:22:16.525859,51.30,51.30,1,31.19,48.44,0.00
2023-12-03 15:22:16.668837,51.30,51.30,1,31.19,48.44,0.00
2023-12-03 15:22:16.803568,51.30,51.30,1,31.19,48.44,0.00
2023-12-03 15:22:16.957538,51.30,51.30,1,31.19,48.44,0.00
2023-12-03 15:22:17.232535,51.30,51.30,1,31.19,48.44,0.00
2023-12-03 15:22:17.508757,51.30,51.30,1,31.19,48.44,0.00
2023-12-03 15:22:17.652656,51.30,51.30,1,31.19,48.44,0.00
2023-12-03 15:22:17.800591,51.30,51.30,1,31.19,48.44,0.00
2023-12-03 15:22:17.941428,51.30,51.30,1,31.19,48.44,0.00
2023-12-03 15:22:18.082755,51.30,51.30,1,31.19,48.44,0.00
2023-12-03 15:22:18.227145,51.30,51.30,1,31.19,48.44,0.00
2023-12-03 15:22:18.368952,51.30,51.30,1,31.19,48.44,0.00
2023-12-03 15:22:18.528393,51.30,51.30,1,31.25,48.44,0.00
2023-12-03 15:22:18.657967,51.30,51.30,1,31.25,48.44,0.00
2023-12-03 15:22:18.800358,51.30,51.30,1,31.25,48.44,0.00
2023-12-03 15:22:18.943237,51.30,51.30,1,31.25,48.44,0.00
2023-12-03 15:22:19.087073,51.30,51.30,1,31.25,48.44,0.00
2023-12-03 15:22:19.238281,51.30,51.30,1,31.25,48.44,0.00
2023-12-03 15:22:19.517685,51.30,51.30,1,31.25,48.44,0.00
2023-12-03 15:22:19.657215,51.30,51.30,1,31.25,48.44,0.00
2023-12-03 15:22:19.802112,51.30,51.30,1,31.25,48.44,0.00
2023-12-03 15:22:19.944674,51.30,51.30,1,31.25,48.44,0.00
2023-12-03 15:22:20.086512,51.30,51.30,1,31.25,48.44,0.00
2023-12-03 15:22:20.262694,51.30,51.30,1,31.25,48.44,0.00
2023-12-03 15:22:20.510440,51.30,51.30,1,31.25,48.44,0.00
2023-12-03 15:22:20.654913,51.30,51.30,1,31.25,48.44,0.00
2023-12-03 15:22:20.804486,51.30,51.30,1,31.25,48.44,0.00
2023-12-03 15:22:20.948092,51.30,51.30,1,31.25,48.44,0.00
2023-12-03 15:22:21.082721,51.30,51.30,1,31.25,48.44,0.00
2023-12-03 15:22:21.236094,51.30,51.30,1,31.25,48.44,0.00
2023-12-03 15:22:21.372870,51.30,51.30,1,31.25,48.44,0.00
2023-12-03 15:22:21.514763,51.30,51.30,1,31.25,48.44,0.00
2023-12-03 15:22:21.796210,51.30,51.30,1,31.31,48.44,0.00
2023-12-03 15:22:21.946020,51.30,51.30,1,31.31,48.44,0.00
2023-12-03 15:22:22.083648,51.30,51.30,1,31.31,48.44,0.00
2023-12-03 15:22:22.226466,51.30,51.30,1,31.31,48.44,0.00
2023-12-03 15:22:22.567342,51.30,51.30,1,31.31,48.44,0.00
2023-12-03 15:22:22.789762,51.30,51.30,1,31.31,48.44,0.00
2023-12-03 15:22:22.927840,51.30,51.30,1,31.31,48.44,0.00
2023-12-03 15:22:23.080888,51.30,51.30,1,31.31,48.44,0.00
2023-12-03 15:22:23.215855,51.30,51.30,1,31.31,48.44,0.00
2023-12-03 15:22:23.496507,51.30,51.30,1,31.31,48.44,0.00
2023-12-03 15:22:23.641382,51.30,51.30,1,31.31,48.44,0.00
2023-12-03 15:22:23.789320,51.30,51.30,1,31.31,48.44,0.00
2023-12-03 15:22:23.937232,51.30,51.30,1,31.31,48.44,0.00
2023-12-03 15:22:24.074263,51.30,51.30,1,31.31,48.44,0.00
2023-12-03 15:22:24.225042,51.30,51.30,1,31.31,48.44,0.00
2023-12-03 15:22:24.360667,51.30,51.30,1,31.31,48.44,0.00
2023-12-03 15:22:24.514065,51.30,51.30,1,31.31,48.44,0.00
2023-12-03 15:22:24.649303,51.30,51.30,1,31.31,48.44,0.00
2023-12-03 15:22:24.793181,51.30,51.30,1,31.37,48.38,0.00
2023-12-03 15:22:24.945452,51.30,51.30,1,31.37,48.38,0.00
2023-12-03 15:22:25.216752,51.30,51.30,1,31.37,48.38,0.00
2023-12-03 15:22:25.360539,51.30,51.30,1,31.37,48.38,0.00
2023-12-03 15:22:25.503196,51.30,51.30,1,31.37,48.38,0.00
2023-12-03 15:22:25.645960,51.30,51.30,1,31.37,48.38,0.00
2023-12-03 15:22:25.791536,51.30,51.30,1,31.37,48.38,0.00
2023-12-03 15:22:25.938405,51.30,51.30,1,31.37,48.38,0.00
2023-12-03 15:22:26.079521,51.30,51.30,1,31.37,48.38,0.00
2023-12-03 15:22:26.221241,51.30,51.30,1,31.37,48.38,0.00
2023-12-03 15:22:26.371663,51.30,51.30,1,31.37,48.38,0.00
2023-12-03 15:22:26.508992,51.30,51.30,1,31.37,48.38,0.00
2023-12-03 15:22:26.655547,51.30,51.30,1,31.37,48.38,0.00
2023-12-03 15:22:26.934788,51.30,51.30,1,31.37,48.38,0.00
2023-12-03 15:22:27.079053,51.30,51.30,1,31.37,48.38,0.00
2023-12-03 15:22:27.223660,51.30,51.30,1,31.37,48.38,0.00
2023-12-03 15:22:27.368355,51.30,51.30,1,31.37,48.38,0.00
2023-12-03 15:22:27.515492,51.30,51.30,1,31.37,48.38,0.00
2023-12-03 15:22:27.659348,51.30,51.30,1,31.37,48.38,0.00
2023-12-03 15:22:27.809306,51.30,51.30,1,31.37,48.38,0.00
2023-12-03 15:22:28.086901,51.30,51.30,1,31.44,48.38,0.00
2023-12-03 15:22:28.363272,51.30,51.30,1,31.44,48.38,0.00
2023-12-03 15:22:28.507392,51.30,51.30,1,31.44,48.38,0.00
2023-12-03 15:22:28.652981,51.30,51.30,1,31.44,48.38,0.00
2023-12-03 15:22:28.793160,51.30,51.30,1,31.44,48.38,0.00
2023-12-03 15:22:28.942357,51.30,51.30,1,31.44,48.38,0.00
2023-12-03 15:22:29.084067,51.30,51.30,1,31.44,48.38,0.00
2023-12-03 15:22:29.250318,51.30,51.30,1,31.44,48.38,0.00
2023-12-03 15:22:29.387447,51.30,51.30,1,31.44,48.38,0.00
2023-12-03 15:22:29.529946,51.30,51.30,1,31.44,48.38,0.00
2023-12-03 15:22:29.676650,51.30,51.30,1,31.44,48.38,0.00
2023-12-03 15:22:29.819088,51.30,51.30,1,31.44,48.38,0.00
2023-12-03 15:22:29.963477,51.30,51.30,1,31.44,48.38,0.00
2023-12-03 15:22:30.108210,51.30,51.30,1,31.44,48.38,0.00
2023-12-03 15:22:30.392704,51.30,51.30,1,31.44,48.38,0.00
2023-12-03 15:22:30.532233,51.30,51.30,1,31.44,48.38,0.00
2023-12-03 15:22:30.678120,51.30,51.30,1,31.44,48.38,0.00
2023-12-03 15:22:30.837640,51.30,51.30,1,31.44,48.38,0.00
2023-12-03 15:22:31.120926,51.30,51.30,1,31.50,48.31,0.00
2023-12-03 15:22:31.267811,51.30,51.30,1,31.50,48.31,0.00
2023-12-03 15:22:31.409507,51.30,51.30,1,31.50,48.31,0.00
2023-12-03 15:22:31.553242,51.30,51.30,1,31.50,48.31,0.00
2023-12-03 15:22:31.700849,51.30,51.30,1,31.50,48.31,0.00
2023-12-03 15:22:31.841233,51.30,51.30,1,31.50,48.31,0.00
2023-12-03 15:22:31.989701,51.30,51.30,1,31.50,48.31,0.00
2023-12-03 15:22:32.134183,51.30,51.30,1,31.50,48.31,0.00
2023-12-03 15:22:32.271907,51.30,51.30,1,31.50,48.31,0.00
2023-12-03 15:22:32.423377,51.30,51.30,1,31.50,48.31,0.00
2023-12-03 15:22:32.568674,51.30,51.30,1,31.56,48.31,0.00
2023-12-03 15:22:32.712852,51.30,51.30,1,31.56,48.31,0.00
2023-12-03 15:22:32.856807,51.30,51.30,1,31.56,48.31,0.00
2023-12-03 15:22:33.001196,51.30,51.30,1,31.56,48.31,0.00
2023-12-03 15:22:33.278276,51.30,51.30,1,31.56,48.31,0.00
2023-12-03 15:22:33.422003,51.30,51.30,1,31.56,48.31,0.00
2023-12-03 15:22:33.724721,51.30,51.30,1,31.56,48.31,0.00
2023-12-03 15:22:34.003817,51.30,51.30,1,31.56,48.31,0.00
2023-12-03 15:22:34.141253,51.30,51.30,1,31.56,48.31,0.00
2023-12-03 15:22:34.283413,51.30,51.30,1,31.56,48.31,0.00
2023-12-03 15:22:34.435109,51.30,51.30,1,31.56,48.31,0.00
2023-12-03 15:22:34.567573,51.30,51.30,1,31.56,48.31,0.00
2023-12-03 15:22:34.710182,51.30,51.30,1,31.56,48.31,0.00
2023-12-03 15:22:34.855096,51.30,51.30,1,31.56,48.31,0.00
2023-12-03 15:22:35.008859,51.30,51.30,1,31.56,48.31,0.00
2023-12-03 15:22:35.141728,51.30,51.30,1,31.56,48.31,0.00
2023-12-03 15:22:35.285157,51.30,51.30,1,31.56,48.31,0.00
2023-12-03 15:22:35.433284,51.30,51.30,1,31.56,48.31,0.00
2023-12-03 15:22:35.782321,51.30,51.30,1,31.62,48.38,0.00
2023-12-03 15:22:36.001522,51.30,51.30,1,31.62,48.38,0.00
2023-12-03 15:22:36.288193,51.30,51.30,1,31.62,48.38,0.00
2023-12-03 15:22:36.435495,51.30,51.30,1,31.62,48.38,0.00
2023-12-03 15:22:36.564914,51.30,51.30,1,31.62,48.38,0.00
2023-12-03 15:22:36.723773,51.30,51.30,1,31.62,48.38,0.00
2023-12-03 15:22:36.996094,51.30,51.30,1,31.62,48.38,0.00
2023-12-03 15:22:37.272655,51.30,51.30,1,31.62,48.38,0.00
2023-12-03 15:22:37.422071,51.30,51.30,1,31.62,48.38,0.00
2023-12-03 15:22:37.563317,51.30,51.30,1,31.62,48.38,0.00
2023-12-03 15:22:37.706362,51.30,51.30,1,31.62,48.38,0.00
2023-12-03 15:22:37.848815,51.30,51.30,1,31.62,48.38,0.00
2023-12-03 15:22:37.994707,51.30,51.30,1,31.62,48.38,0.00
2023-12-03 15:22:38.137952,51.30,51.30,1,31.62,48.38,0.00
2023-12-03 15:22:38.283246,51.30,51.30,1,31.62,48.38,0.00
2023-12-03 15:22:38.424242,51.30,51.30,1,31.62,48.38,0.00
2023-12-03 15:22:38.567960,51.30,51.30,1,31.62,48.38,0.00
2023-12-03 15:22:38.714570,51.30,51.30,1,31.62,48.38,0.00
2023-12-03 15:22:38.867282,51.30,51.30,1,31.69,48.38,0.00
2023-12-03 15:22:39.139740,51.30,51.30,1,31.69,48.38,0.00
2023-12-03 15:22:39.282528,51.30,51.30,1,31.69,48.38,0.00
2023-12-03 15:22:39.564485,51.30,51.30,1,31.69,48.38,0.00
2023-12-03 15:22:39.711927,51.30,51.30,1,31.69,48.38,0.00
2023-12-03 15:22:39.855529,51.30,51.30,1,31.69,48.38,0.00
2023-12-03 15:22:39.995637,51.30,51.30,1,31.69,48.38,0.00
2023-12-03 15:22:40.280624,51.30,51.30,1,31.69,48.38,0.00
2023-12-03 15:22:40.572158,51.30,51.30,1,31.75,48.38,0.00
2023-12-03 15:22:40.839797,51.30,51.30,1,31.75,48.38,0.00
2023-12-03 15:22:41.127746,51.30,51.30,1,31.75,48.38,0.00
2023-12-03 15:22:41.410728,51.30,51.30,1,31.75,48.38,0.00
2023-12-03 15:22:41.548145,51.30,51.30,1,31.75,48.38,0.00
2023-12-03 15:22:41.692755,51.30,51.30,1,31.75,48.38,0.00
2023-12-03 15:22:41.840684,51.30,51.30,1,31.75,48.38,0.00
2023-12-03 15:22:41.985814,51.30,51.30,1,31.75,48.44,0.00
2023-12-03 15:22:42.123838,51.30,51.30,1,31.75,48.44,0.00
2023-12-03 15:22:42.270842,51.30,51.30,1,31.75,48.44,0.00
2023-12-03 15:22:42.413713,51.30,51.30,1,31.75,48.44,0.00
2023-12-03 15:22:42.561858,51.30,51.30,1,31.75,48.44,0.00
2023-12-03 15:22:42.700799,51.30,51.30,1,31.75,48.44,0.00
2023-12-03 15:22:42.848481,51.30,51.30,1,31.75,48.44,0.00
2023-12-03 15:22:42.989193,51.30,51.30,1,31.75,48.44,0.00
2023-12-03 15:22:43.131858,51.30,51.30,1,31.75,48.44,0.00
2023-12-03 15:22:43.290121,51.30,51.30,1,31.75,48.44,0.00
2023-12-03 15:22:43.561265,51.30,51.30,1,31.81,48.44,0.00
2023-12-03 15:22:43.716989,51.30,51.30,1,31.81,48.44,0.00
2023-12-03 15:22:43.986222,51.30,51.30,1,31.81,48.44,0.00
2023-12-03 15:22:44.271431,51.30,51.30,1,31.81,48.44,0.00
2023-12-03 15:22:44.545200,51.30,51.30,1,31.81,48.44,0.00
2023-12-03 15:22:44.688653,51.30,51.30,1,31.81,48.44,0.00
2023-12-03 15:22:44.974116,51.30,51.30,1,31.81,48.44,0.00
2023-12-03 15:22:45.116578,51.30,51.30,1,31.87,48.44,0.00
2023-12-03 15:22:45.391813,51.30,51.30,1,31.87,48.44,0.00
2023-12-03 15:22:45.536371,51.30,51.30,1,31.87,48.44,0.00
2023-12-03 15:22:45.686993,51.30,51.30,1,31.87,48.44,0.00
2023-12-03 15:22:45.829566,51.30,51.30,1,31.87,48.44,0.00
2023-12-03 15:22:45.966812,51.30,51.30,1,31.87,48.44,0.00
2023-12-03 15:22:46.110491,51.30,51.30,1,31.87,48.44,0.00
2023-12-03 15:22:46.254643,51.30,51.30,1,31.87,48.44,0.00
2023-12-03 15:22:46.410855,51.30,51.30,1,31.87,48.44,0.00
2023-12-03 15:22:46.548315,51.30,51.30,1,31.87,48.44,0.00
2023-12-03 15:22:46.686249,51.30,51.30,1,31.87,48.50,0.00
2023-12-03 15:22:46.840560,51.30,51.30,1,31.87,48.50,0.00
2023-12-03 15:22:46.981467,51.30,51.30,1,31.87,48.50,0.00
2023-12-03 15:22:47.120330,51.30,51.30,1,31.87,48.50,0.00
2023-12-03 15:22:47.263342,51.30,51.30,1,31.87,48.50,0.00
2023-12-03 15:22:47.407501,51.30,51.30,1,31.87,48.50,0.00
2023-12-03 15:22:47.553815,51.30,51.30,1,31.87,48.50,0.00
2023-12-03 15:22:47.713590,51.30,51.30,1,31.87,48.50,0.00
2023-12-03 15:22:47.977728,51.30,51.30,1,31.87,48.50,0.00
2023-12-03 15:22:48.127273,51.30,51.30,1,31.87,48.50,0.00
2023-12-03 15:22:48.260213,51.30,51.30,1,31.94,48.50,0.00
2023-12-03 15:22:48.403321,51.30,51.30,1,31.94,48.50,0.00
2023-12-03 15:22:48.548620,51.30,51.30,1,31.94,48.50,0.00
2023-12-03 15:22:48.857195,51.30,51.30,1,31.94,48.50,0.00
2023-12-03 15:22:49.114793,51.30,51.30,1,31.94,48.50,0.00
2023-12-03 15:22:49.253022,51.30,51.30,1,31.94,48.50,0.00
2023-12-03 15:22:49.395523,51.30,51.30,1,31.94,48.50,0.00
2023-12-03 15:22:49.539367,51.30,51.30,1,31.94,48.50,0.00
2023-12-03 15:22:49.681278,51.30,51.30,1,31.94,48.50,0.00
2023-12-03 15:22:49.827920,51.30,51.30,1,31.94,48.50,0.00
2023-12-03 15:22:49.970285,51.30,51.30,1,31.94,48.50,0.00
2023-12-03 15:22:50.116175,51.30,51.30,1,31.94,48.50,0.00
2023-12-03 15:22:50.258238,51.30,51.30,1,31.94,48.50,0.00
2023-12-03 15:22:50.401658,51.30,51.30,1,31.94,48.50,0.00
2023-12-03 15:22:50.548499,51.30,51.30,1,31.94,48.50,0.00
2023-12-03 15:22:50.702302,51.30,51.30,1,31.94,48.50,0.00
2023-12-03 15:22:50.834884,51.30,51.30,1,31.94,48.50,0.00
2023-12-03 15:22:50.989912,51.30,51.30,1,31.94,48.50,0.00
2023-12-03 15:22:51.120670,51.30,51.30,1,31.94,48.50,0.00
2023-12-03 15:22:51.264529,51.30,51.30,1,31.94,48.50,0.00
2023-12-03 15:22:51.405106,51.30,51.30,1,32.00,48.50,0.00
2023-12-03 15:22:51.551473,51.30,51.30,1,32.00,48.50,0.00
2023-12-03 15:22:51.693447,51.30,51.30,1,32.00,48.50,0.00
2023-12-03 15:22:51.837153,51.30,51.30,1,32.00,48.50,0.00
2023-12-03 15:22:51.980960,51.30,51.30,1,32.00,48.50,0.00
2023-12-03 15:22:52.126037,51.30,51.30,1,32.00,48.50,0.00
2023-12-03 15:22:52.271069,51.30,51.30,1,32.00,48.50,0.00
2023-12-03 15:22:52.416830,51.30,51.30,1,32.00,48.50,0.00
2023-12-03 15:22:52.574541,51.30,51.30,1,32.00,48.50,0.00
2023-12-03 15:22:52.857806,51.30,51.30,1,32.00,48.50,0.00
2023-12-03 15:22:53.132538,51.30,51.30,1,32.06,48.56,0.00
2023-12-03 15:22:53.397139,51.30,51.30,1,32.06,48.56,0.00
2023-12-03 15:22:53.543290,51.30,51.30,1,32.06,48.56,0.00
2023-12-03 15:22:53.823462,51.30,51.30,1,32.06,48.56,0.00
2023-12-03 15:22:53.967895,51.30,51.30,1,32.06,48.56,0.00
2023-12-03 15:22:54.113238,51.30,51.30,1,32.06,48.56,0.00
2023-12-03 15:22:54.255952,51.30,51.30,1,32.06,48.56,0.00
2023-12-03 15:22:54.395794,51.30,51.30,1,32.06,48.56,0.00
2023-12-03 15:22:54.538881,51.30,51.30,1,32.13,48.56,0.00
2023-12-03 15:22:54.681622,51.30,51.30,1,32.13,48.56,0.00
2023-12-03 15:22:54.830351,51.30,51.30,1,32.13,48.56,0.00
2023-12-03 15:22:54.970506,51.30,51.30,1,32.13,48.56,0.00
2023-12-03 15:22:55.115290,51.30,51.30,1,32.13,48.56,0.00
2023-12-03 15:22:55.257365,51.30,51.30,1,32.13,48.56,0.00
2023-12-03 15:22:55.400947,51.30,51.30,1,32.13,48.56,0.00
2023-12-03 15:22:55.546890,51.30,51.30,1,32.13,48.56,0.00
2023-12-03 15:22:55.825433,51.30,51.30,1,32.13,48.56,0.00
2023-12-03 15:22:55.967147,51.30,51.30,1,32.13,48.56,0.00
2023-12-03 15:22:56.110854,51.30,51.30,1,32.13,48.56,0.00
2023-12-03 15:22:56.255793,51.30,51.30,1,32.13,48.56,0.00
2023-12-03 15:22:56.549620,51.30,51.30,1,32.13,48.56,0.00
2023-12-03 15:22:56.684139,51.30,51.30,1,32.13,48.56,0.00
2023-12-03 15:22:56.829495,51.30,51.30,1,32.13,48.56,0.00
2023-12-03 15:22:56.967896,51.30,51.30,1,32.13,48.56,0.00
2023-12-03 15:22:57.118593,51.30,51.30,1,32.13,48.56,0.00
2023-12-03 15:22:57.253171,51.30,51.30,1,32.13,48.56,0.00
2023-12-03 15:22:57.401898,51.30,51.30,1,32.13,48.56,0.00
2023-12-03 15:22:57.541532,51.30,51.30,1,32.13,48.56,0.00
2023-12-03 15:22:57.681173,51.30,51.30,1,32.19,48.63,0.00
2023-12-03 15:22:57.827410,51.30,51.30,1,32.19,48.63,0.00
2023-12-03 15:22:57.969788,51.30,51.30,1,32.19,48.63,0.00
2023-12-03 15:22:58.127577,51.30,51.30,1,32.19,48.63,0.00
2023-12-03 15:22:58.258171,51.30,51.30,1,32.19,48.63,0.00
2023-12-03 15:22:58.404035,51.30,51.30,1,32.19,48.63,0.00
2023-12-03 15:22:58.546020,51.30,51.30,1,32.19,48.63,0.00
2023-12-03 15:22:58.692711,51.30,51.30,1,32.19,48.63,0.00
2023-12-03 15:22:58.837442,51.30,51.30,1,32.19,48.63,0.00
2023-12-03 15:22:58.976984,51.30,51.30,1,32.19,48.63,0.00
2023-12-03 15:22:59.129965,51.30,51.30,1,32.19,48.63,0.00
2023-12-03 15:22:59.269293,51.30,51.30,1,32.19,48.63,0.00
2023-12-03 15:22:59.415776,51.30,51.30,1,32.19,48.63,0.00
2023-12-03 15:22:59.555351,51.30,51.30,1,32.19,48.63,0.00
2023-12-03 15:22:59.699261,51.30,51.30,1,32.19,48.63,0.00
2023-12-03 15:22:59.847123,51.30,51.30,1,32.19,48.63,0.00
2023-12-03 15:22:59.988114,51.30,51.30,1,32.19,48.63,0.00
2023-12-03 15:23:00.280518,51.30,51.30,1,32.19,48.63,0.00
2023-12-03 15:23:00.562471,51.30,51.30,1,32.19,48.63,0.00
2023-12-03 15:23:00.713710,51.30,51.30,1,32.19,48.63,0.00
2023-12-03 15:23:00.856128,51.30,51.30,1,32.25,48.63,0.00
2023-12-03 15:23:01.002627,51.30,51.30,1,32.25,48.63,0.00
2023-12-03 15:23:01.144488,51.30,51.30,1,32.25,48.63,0.00
2023-12-03 15:23:01.295181,51.30,51.30,1,32.25,48.63,0.00
2023-12-03 15:23:01.432421,51.30,51.30,1,32.25,48.63,0.00
2023-12-03 15:23:01.577149,51.30,51.30,1,32.25,48.63,0.00
2023-12-03 15:23:01.721459,51.30,51.30,1,32.25,48.63,0.00
2023-12-03 15:23:01.864505,51.30,51.30,1,32.25,48.63,0.00
2023-12-03 15:23:02.462837,51.30,51.30,1,32.31,48.63,0.00
2023-12-03 15:23:02.740715,51.30,51.30,1,32.31,48.63,0.00
2023-12-03 15:23:02.985785,51.30,51.30,1,32.31,48.63,0.00
2023-12-03 15:23:03.136883,51.30,51.30,1,32.31,48.63,0.00
2023-12-03 15:23:03.274048,51.30,51.30,1,32.31,48.63,0.00
2023-12-03 15:23:03.423766,51.30,51.30,1,32.31,48.63,0.00
2023-12-03 15:23:03.563788,51.30,51.30,1,32.31,48.63,0.00
2023-12-03 15:23:03.725301,51.30,51.30,1,32.31,48.63,0.00
2023-12-03 15:23:03.873070,51.30,51.30,1,32.31,48.63,0.00
2023-12-03 15:23:04.159521,51.30,51.30,1,32.31,48.63,0.00
2023-12-03 15:23:04.297161,51.30,51.30,1,32.31,48.63,0.00
2023-12-03 15:23:04.448537,51.30,51.30,1,32.31,48.63,0.00
2023-12-03 15:23:04.735959,51.30,51.30,1,32.31,48.63,0.00
2023-12-03 15:23:05.019309,51.30,51.30,1,32.31,48.63,0.00
2023-12-03 15:23:05.147537,51.30,51.30,1,32.31,48.63,0.00
2023-12-03 15:23:05.317327,51.30,51.30,1,32.31,48.63,0.00
2023-12-03 15:23:05.456748,51.30,51.30,1,32.38,48.69,0.00
2023-12-03 15:23:05.599707,51.30,51.30,1,32.38,48.69,0.00
2023-12-03 15:23:05.744790,51.30,51.30,1,32.38,48.69,0.00
2023-12-03 15:23:05.889567,51.30,51.30,1,32.38,48.69,0.00
2023-12-03 15:23:06.037810,51.30,51.30,1,32.38,48.69,0.00
2023-12-03 15:23:06.174022,51.30,51.30,1,32.38,48.69,0.00
2023-12-03 15:23:06.321044,51.30,51.30,1,32.38,48.69,0.00
2023-12-03 15:23:06.462343,51.30,51.30,1,32.38,48.69,0.00
2023-12-03 15:23:06.609100,51.30,51.30,1,32.38,48.69,0.00
2023-12-03 15:23:06.749402,51.30,51.30,1,32.38,48.69,0.00
2023-12-03 15:23:06.897591,51.30,51.30,1,32.38,48.69,0.00
2023-12-03 15:23:07.042516,51.30,51.30,1,32.44,48.69,0.00
2023-12-03 15:23:07.206280,51.30,51.30,1,32.44,48.69,0.00
2023-12-03 15:23:07.467818,51.30,51.30,1,32.44,48.69,0.00
2023-12-03 15:23:07.619671,51.30,51.30,1,32.44,48.69,0.00
2023-12-03 15:23:07.755172,51.30,51.30,1,32.44,48.69,0.00
2023-12-03 15:23:07.910013,51.30,51.30,1,32.44,48.69,0.00
2023-12-03 15:23:08.041989,51.30,51.30,1,32.44,48.69,0.00
2023-12-03 15:23:08.188490,51.30,51.30,1,32.44,48.69,0.00
2023-12-03 15:23:08.339524,51.30,51.30,1,32.44,48.69,0.00
2023-12-03 15:23:08.478178,51.30,51.30,1,32.44,48.69,0.00
2023-12-03 15:23:08.620454,51.30,51.30,1,32.50,48.69,0.00
2023-12-03 15:23:08.768073,51.30,51.30,1,32.50,48.69,0.00
2023-12-03 15:23:08.909191,51.30,51.30,1,32.50,48.69,0.00
2023-12-03 15:23:09.053278,51.30,51.30,1,32.50,48.69,0.00
2023-12-03 15:23:09.196430,51.30,51.30,1,32.50,48.69,0.00
2023-12-03 15:23:09.339676,51.30,51.30,1,32.50,48.69,0.00
2023-12-03 15:23:09.487558,51.30,51.30,1,32.50,48.69,0.00
2023-12-03 15:23:09.627693,51.30,51.30,1,32.50,48.69,0.00
2023-12-03 15:23:09.776518,51.30,51.30,1,32.50,48.69,0.00
2023-12-03 15:23:09.921089,51.30,51.30,1,32.50,48.69,0.00
2023-12-03 15:23:10.058796,51.30,51.30,1,32.50,48.69,0.00
2023-12-03 15:23:10.201458,51.30,51.30,1,32.50,48.75,0.00
2023-12-03 15:23:10.345534,51.30,51.30,1,32.50,48.75,0.00
2023-12-03 15:23:10.491527,51.30,51.30,1,32.50,48.75,0.00
2023-12-03 15:23:10.636444,51.30,51.30,1,32.50,48.75,0.00
2023-12-03 15:23:10.777045,51.30,51.30,1,32.50,48.75,0.00
2023-12-03 15:23:10.923924,51.30,51.30,1,32.50,48.75,0.00
2023-12-03 15:23:11.073578,51.30,51.30,1,32.50,48.75,0.00
2023-12-03 15:23:11.208008,51.30,51.30,1,32.50,48.75,0.00
2023-12-03 15:23:11.354834,51.30,51.30,1,32.50,48.75,0.00
2023-12-03 15:23:11.504754,51.30,51.30,1,32.50,48.75,0.00
2023-12-03 15:23:11.638111,51.30,51.30,1,32.50,48.75,0.00
2023-12-03 15:23:11.783071,51.30,51.30,1,32.56,48.75,0.00
2023-12-03 15:23:11.938018,51.30,51.30,1,32.56,48.75,0.00
2023-12-03 15:23:12.205069,51.30,51.30,1,32.56,48.75,0.00
2023-12-03 15:23:12.356532,51.30,51.30,1,32.56,48.75,0.00
2023-12-03 15:23:12.632989,51.30,51.30,1,32.56,48.75,0.00
2023-12-03 15:23:12.773734,51.30,51.30,1,32.56,48.75,0.00
2023-12-03 15:23:12.917704,51.30,51.30,1,32.56,48.75,0.00
2023-12-03 15:23:13.063374,51.30,51.30,1,32.56,48.75,0.00
2023-12-03 15:23:13.203552,51.30,51.30,1,32.56,48.75,0.00
2023-12-03 15:23:13.350742,51.30,51.30,1,32.63,48.75,0.00
2023-12-03 15:23:13.491379,51.30,51.30,1,32.63,48.75,0.00
2023-12-03 15:23:13.638940,51.30,51.30,1,32.63,48.75,0.00
2023-12-03 15:23:13.785869,51.30,51.30,1,32.63,48.75,0.00
2023-12-03 15:23:14.058110,51.30,51.30,1,32.63,48.75,0.00
2023-12-03 15:23:14.201325,51.30,51.30,1,32.63,48.75,0.00
2023-12-03 15:23:14.347485,51.30,51.30,1,32.63,48.75,0.00
2023-12-03 15:23:14.500970,51.30,51.30,1,32.63,48.75,0.00
2023-12-03 15:23:14.773719,51.30,51.30,1,32.63,48.75,0.00
2023-12-03 15:23:14.911534,51.30,51.30,1,32.63,48.75,0.00
2023-12-03 15:23:15.055286,51.30,51.30,1,32.63,48.75,0.00
2023-12-03 15:23:15.349454,51.30,51.30,1,32.63,48.75,0.00
2023-12-03 15:23:15.672940,51.30,51.30,1,32.63,48.75,0.00
2023-12-03 15:23:15.903247,51.30,51.30,1,32.63,48.75,0.00
2023-12-03 15:23:16.049012,51.30,51.30,1,32.63,48.75,0.00
2023-12-03 15:23:16.182036,51.30,51.30,1,32.63,48.75,0.00
2023-12-03 15:23:16.324609,51.30,51.30,1,32.63,48.75,0.00
2023-12-03 15:23:16.474443,51.30,51.30,1,32.69,48.81,0.00
2023-12-03 15:23:16.611820,51.30,51.30,1,32.69,48.81,0.00
2023-12-03 15:23:16.755311,51.30,51.30,1,32.69,48.81,0.00
2023-12-03 15:23:17.035527,51.30,51.30,1,32.69,48.81,0.00
2023-12-03 15:23:17.181985,51.30,51.30,1,32.69,48.81,0.00
2023-12-03 15:23:17.321534,51.30,51.30,1,32.69,48.81,0.00
2023-12-03 15:23:17.474019,51.30,51.30,1,32.69,48.81,0.00
2023-12-03 15:23:17.609089,51.30,51.30,1,32.69,48.81,0.00
2023-12-03 15:23:17.754277,51.30,51.30,1,32.69,48.81,0.00
2023-12-03 15:23:17.895752,51.30,51.30,1,32.69,48.81,0.00
2023-12-03 15:23:18.038095,51.30,51.30,1,32.75,48.81,0.00
2023-12-03 15:23:18.188907,51.30,51.30,1,32.75,48.81,0.00
2023-12-03 15:23:18.462950,51.30,51.30,1,32.75,48.81,0.00
2023-12-03 15:23:18.606710,51.30,51.30,1,32.75,48.81,0.00
2023-12-03 15:23:18.752076,51.30,51.30,1,32.75,48.81,0.00
2023-12-03 15:23:18.905457,51.30,51.30,1,32.75,48.81,0.00
2023-12-03 15:23:19.041837,51.30,51.30,1,32.75,48.81,0.00
2023-12-03 15:23:19.190026,51.30,51.30,1,32.75,48.81,0.00
2023-12-03 15:23:19.329055,51.30,51.30,1,32.75,48.81,0.00
2023-12-03 15:23:19.468794,51.30,51.30,1,32.75,48.81,0.00
2023-12-03 15:23:19.612497,51.30,51.30,1,32.75,48.81,0.00
2023-12-03 15:23:19.758147,51.30,51.30,1,32.75,48.81,0.00
2023-12-03 15:23:19.904025,51.30,51.30,1,32.75,48.81,0.00
2023-12-03 15:23:20.046596,51.30,51.30,1,32.75,48.81,0.00
2023-12-03 15:23:20.188938,51.30,51.30,1,32.75,48.81,0.00
2023-12-03 15:23:20.345975,51.30,51.30,1,32.75,48.81,0.00
2023-12-03 15:23:20.617403,51.30,51.30,1,32.75,48.81,0.00
2023-12-03 15:23:20.758135,51.30,51.30,1,32.75,48.81,0.00
2023-12-03 15:23:20.903182,51.30,51.30,1,32.75,48.81,0.00
2023-12-03 15:23:21.062596,51.30,51.30,1,32.75,48.81,0.00
2023-12-03 15:23:21.324436,51.30,51.30,1,32.81,48.81,0.00
2023-12-03 15:23:21.470767,51.30,51.30,1,32.81,48.81,0.00
2023-12-03 15:23:21.611043,51.30,51.30,1,32.81,48.81,0.00
2023-12-03 15:23:21.764872,51.30,51.30,1,32.81,48.81,0.00
2023-12-03 15:23:21.899564,51.30,51.30,1,32.81,48.81,0.00
2023-12-03 15:23:22.043369,51.30,51.30,1,32.81,48.81,0.00
2023-12-03 15:23:22.323266,51.30,51.30,1,32.81,48.81,0.00
2023-12-03 15:23:22.466880,51.30,51.30,1,32.81,48.81,0.00
2023-12-03 15:23:22.611642,51.30,51.30,1,32.81,48.81,0.00
2023-12-03 15:23:22.752988,51.30,51.30,1,32.81,48.81,0.00
2023-12-03 15:23:22.897454,51.30,51.30,1,32.81,48.81,0.00
2023-12-03 15:23:23.041008,51.30,51.30,1,32.81,48.81,0.00
2023-12-03 15:23:23.186507,51.30,51.30,1,32.81,48.81,0.00
2023-12-03 15:23:23.334883,51.30,51.30,1,32.81,48.81,0.00
2023-12-03 15:23:23.473899,51.30,51.30,1,32.81,48.81,0.00
2023-12-03 15:23:23.616057,51.30,51.30,1,32.81,48.81,0.00
2023-12-03 15:23:23.896280,51.30,51.30,1,32.81,48.81,0.00
2023-12-03 15:23:24.041423,51.30,51.30,1,32.81,48.81,0.00
2023-12-03 15:23:24.187250,51.30,51.30,1,32.81,48.81,0.00
2023-12-03 15:23:24.335047,51.30,51.30,1,32.88,48.87,0.00
2023-12-03 15:23:24.477061,51.30,51.30,1,32.88,48.87,0.00
2023-12-03 15:23:24.616264,51.30,51.30,1,32.88,48.87,0.00
2023-12-03 15:23:24.765753,51.30,51.30,1,32.88,48.87,0.00
2023-12-03 15:23:24.906968,51.30,51.30,1,32.88,48.87,0.00
2023-12-03 15:23:25.055909,51.30,51.30,1,32.88,48.87,0.00
2023-12-03 15:23:25.194599,51.30,51.30,1,32.88,48.87,0.00
2023-12-03 15:23:25.343668,51.30,51.30,1,32.88,48.87,0.00
2023-12-03 15:23:25.489167,51.30,51.30,1,32.88,48.87,0.00
2023-12-03 15:23:25.651037,51.30,51.30,1,32.88,48.87,0.00
2023-12-03 15:23:25.793150,51.30,51.30,1,32.88,48.87,0.00
2023-12-03 15:23:25.937666,51.30,51.30,1,32.88,48.87,0.00
2023-12-03 15:23:26.078654,51.30,51.30,1,32.88,48.87,0.00
2023-12-03 15:23:26.223121,51.30,51.30,1,32.88,48.87,0.00
2023-12-03 15:23:26.367740,51.30,51.30,1,32.88,48.87,0.00
2023-12-03 15:23:26.512637,51.30,51.30,1,32.88,48.87,0.00
2023-12-03 15:23:26.790971,51.30,51.30,1,32.88,48.87,0.00
2023-12-03 15:23:26.936452,51.30,51.30,1,32.88,48.87,0.00
2023-12-03 15:23:27.084264,51.30,51.30,1,32.88,48.87,0.00
2023-12-03 15:23:27.239399,51.30,51.30,1,32.88,48.87,0.00
2023-12-03 15:23:27.388957,51.30,51.30,1,32.94,48.87,0.00
2023-12-03 15:23:27.530287,51.30,51.30,1,32.94,48.87,0.00
2023-12-03 15:23:27.671747,51.30,51.30,1,32.94,48.87,0.00
2023-12-03 15:23:27.815841,51.30,51.30,1,32.94,48.87,0.00
2023-12-03 15:23:27.960090,51.30,51.30,1,32.94,48.87,0.00
2023-12-03 15:23:28.109183,51.30,51.30,1,32.94,48.87,0.00
2023-12-03 15:23:28.249376,51.30,51.30,1,32.94,48.87,0.00
2023-12-03 15:23:28.392526,51.30,51.30,1,32.94,48.87,0.00
2023-12-03 15:23:28.722840,51.30,51.30,1,32.94,48.87,0.00
2023-12-03 15:23:28.975715,51.30,51.30,1,32.94,48.94,0.00
2023-12-03 15:23:29.271554,51.30,51.30,1,32.94,48.94,0.00
2023-12-03 15:23:29.522611,51.30,51.30,1,32.94,48.94,0.00
2023-12-03 15:23:29.665626,51.30,51.30,1,32.94,48.94,0.00
2023-12-03 15:23:29.817185,51.30,51.30,1,32.94,48.94,0.00
2023-12-03 15:23:29.963427,51.30,51.30,1,32.94,48.94,0.00
2023-12-03 15:23:30.235991,51.30,51.30,1,32.94,48.94,0.00
2023-12-03 15:23:30.388131,51.30,51.30,1,32.94,48.94,0.00
2023-12-03 15:23:30.530201,51.30,51.30,1,33.00,48.94,0.00
2023-12-03 15:23:30.680385,51.30,51.30,1,33.00,48.94,0.00
2023-12-03 15:23:30.815834,51.30,51.30,1,33.00,48.94,0.00
2023-12-03 15:23:30.963816,51.30,51.30,1,33.00,48.94,0.00
2023-12-03 15:23:31.105240,51.30,51.30,1,33.00,48.94,0.00
2023-12-03 15:23:31.249632,51.30,51.30,1,33.00,48.94,0.00
2023-12-03 15:23:31.398458,51.30,51.30,1,33.00,48.94,0.00
2023-12-03 15:23:31.538744,51.30,51.30,1,33.00,48.94,0.00
2023-12-03 15:23:31.680558,51.30,51.30,1,33.00,48.94,0.00
2023-12-03 15:23:31.824438,51.30,51.30,1,33.00,48.94,0.00
2023-12-03 15:23:31.968504,51.30,51.30,1,33.00,48.94,0.00
2023-12-03 15:23:32.118132,51.30,51.30,1,33.06,48.94,0.00
2023-12-03 15:23:32.256756,51.30,51.30,1,33.06,48.94,0.00
2023-12-03 15:23:32.397058,51.30,51.30,1,33.06,48.94,0.00
2023-12-03 15:23:32.544549,51.30,51.30,1,33.06,48.94,0.00
2023-12-03 15:23:32.690100,51.30,51.30,1,33.06,48.94,0.00
2023-12-03 15:23:32.844296,51.30,51.30,1,33.06,48.94,0.00
2023-12-03 15:23:33.111556,51.30,51.30,1,33.06,48.94,0.00
2023-12-03 15:23:33.257589,51.30,51.30,1,33.06,48.94,0.00
2023-12-03 15:23:33.400161,51.30,51.30,1,33.06,48.94,0.00
2023-12-03 15:23:33.551650,51.30,51.30,1,33.06,48.94,0.00
2023-12-03 15:23:33.821958,51.30,51.30,1,33.06,48.94,0.00
2023-12-03 15:23:33.978283,51.30,51.30,1,33.06,48.94,0.00
2023-12-03 15:23:34.110294,51.30,51.30,1,33.06,48.94,0.00
2023-12-03 15:23:34.392517,51.30,51.30,1,33.06,48.94,0.00
2023-12-03 15:23:34.536102,51.30,51.30,1,33.06,48.94,0.00
2023-12-03 15:23:34.679827,51.30,51.30,1,33.06,48.94,0.00
2023-12-03 15:23:34.823940,51.30,51.30,1,33.06,48.94,0.00
2023-12-03 15:23:34.970780,51.30,51.30,1,33.06,48.94,0.00
2023-12-03 15:23:35.109989,51.30,51.30,1,33.06,48.94,0.00
2023-12-03 15:23:35.253395,51.30,51.30,1,33.13,49.00,0.00
2023-12-03 15:23:35.396630,51.30,51.30,1,33.13,49.00,0.00
2023-12-03 15:23:35.540263,51.30,51.30,1,33.13,49.00,0.00
2023-12-03 15:23:35.686953,51.30,51.30,1,33.13,49.00,0.00
2023-12-03 15:23:35.832148,51.30,51.30,1,33.13,49.00,0.00
2023-12-03 15:23:35.977107,51.30,51.30,1,33.13,49.00,0.00
2023-12-03 15:23:36.123304,51.30,51.30,1,33.13,49.00,0.00
2023-12-03 15:23:36.263123,51.30,51.30,1,33.13,49.00,0.00
2023-12-03 15:23:36.415853,51.30,51.30,1,33.13,49.00,0.00
2023-12-03 15:23:36.688505,51.30,51.30,1,33.13,49.00,0.00
2023-12-03 15:23:36.831912,51.30,51.30,1,33.13,49.00,0.00
2023-12-03 15:23:36.975045,51.30,51.30,1,33.13,49.00,0.00
2023-12-03 15:23:37.119577,51.30,51.30,1,33.13,49.00,0.00
2023-12-03 15:23:37.399759,51.30,51.30,1,33.13,49.00,0.00
2023-12-03 15:23:37.542905,51.30,51.30,1,33.13,49.00,0.00
2023-12-03 15:23:37.688564,51.30,51.30,1,33.13,49.00,0.00
2023-12-03 15:23:37.836915,51.30,51.30,1,33.13,49.00,0.00
2023-12-03 15:23:37.981005,51.30,51.30,1,33.13,49.00,0.00
2023-12-03 15:23:38.118156,51.30,51.30,1,33.13,49.00,0.00
2023-12-03 15:23:38.260486,51.30,51.30,1,33.13,49.00,0.00
2023-12-03 15:23:38.403035,51.30,51.30,1,33.19,49.00,0.00
2023-12-03 15:23:38.549082,51.30,51.30,1,33.19,49.00,0.00
2023-12-03 15:23:38.696801,51.30,51.30,1,33.19,49.00,0.00
2023-12-03 15:23:38.974605,51.30,51.30,1,33.19,49.00,0.00
2023-12-03 15:23:39.254661,51.30,51.30,1,33.19,49.00,0.00
2023-12-03 15:23:39.395842,51.30,51.30,1,33.19,49.00,0.00
2023-12-03 15:23:39.677311,51.30,51.30,1,33.19,49.00,0.00
2023-12-03 15:23:39.824124,51.30,51.30,1,33.19,49.00,0.00
2023-12-03 15:23:39.963508,51.30,51.30,1,33.19,49.00,0.00
2023-12-03 15:23:40.243479,51.30,51.30,1,33.19,49.00,0.00
2023-12-03 15:23:40.391088,51.30,51.30,1,33.19,49.00,0.00
2023-12-03 15:23:40.668724,51.30,51.30,1,33.19,49.00,0.00
2023-12-03 15:23:40.819285,51.30,51.30,1,33.19,49.00,0.00
2023-12-03 15:23:41.093973,51.30,51.30,1,33.19,49.00,0.00
2023-12-03 15:23:41.237118,51.30,51.30,1,33.19,49.00,0.00
2023-12-03 15:23:41.379152,51.30,51.30,1,33.19,49.00,0.00
2023-12-03 15:23:41.524496,51.30,51.30,1,33.25,49.06,0.00
2023-12-03 15:23:41.962665,51.30,51.30,1,33.25,49.06,0.00
2023-12-03 15:23:42.228647,51.30,51.30,1,33.25,49.06,0.00
2023-12-03 15:23:42.664797,51.30,51.30,1,33.25,49.06,0.00
2023-12-03 15:23:42.930859,51.30,51.30,1,33.25,49.06,0.00
2023-12-03 15:23:43.253570,51.30,51.30,1,33.25,49.06,0.00
2023-12-03 15:23:43.480726,51.30,51.30,1,33.25,49.06,0.00
2023-12-03 15:23:44.246868,51.30,51.30,1,33.25,49.06,0.00
2023-12-03 15:23:44.644216,51.30,51.30,1,33.31,49.06,0.00
2023-12-03 15:23:46.425836,51.30,51.30,1,33.31,49.06,0.00
2023-12-03 15:23:47.259751,51.30,51.30,1,33.31,49.06,0.00
2023-12-03 15:23:47.523282,51.30,51.30,1,33.31,49.06,0.00
2023-12-03 15:23:47.801090,51.30,51.30,1,33.38,49.13,0.00
2023-12-03 15:23:47.931866,51.30,51.30,1,33.38,49.13,0.00
2023-12-03 15:23:48.075943,51.30,51.30,1,33.38,49.13,0.00
2023-12-03 15:23:48.386980,51.30,51.30,1,33.38,49.13,0.00
2023-12-03 15:23:48.658624,51.30,51.30,1,33.38,49.13,0.00
2023-12-03 15:23:48.919523,51.30,51.30,1,33.38,49.13,0.00
2023-12-03 15:23:49.198615,51.30,51.30,1,33.38,49.13,0.00
2023-12-03 15:23:49.480777,51.30,51.30,1,33.38,49.13,0.00
2023-12-03 15:23:49.625544,51.30,51.30,1,33.38,49.13,0.00
2023-12-03 15:23:49.765636,51.30,51.30,1,33.38,49.13,0.00
2023-12-03 15:23:49.911316,51.30,51.30,1,33.38,49.13,0.00
2023-12-03 15:23:50.052799,51.30,51.30,1,33.38,49.13,0.00
2023-12-03 15:23:50.197888,51.30,51.30,1,33.38,49.13,0.00
2023-12-03 15:23:50.343625,51.30,51.30,1,33.38,49.13,0.00
2023-12-03 15:23:50.486933,51.30,51.30,1,33.38,49.13,0.00
2023-12-03 15:23:50.640631,51.30,51.30,1,33.38,49.13,0.00
2023-12-03 15:23:50.908959,51.30,51.30,1,33.44,49.13,0.00
2023-12-03 15:23:51.054382,51.30,51.30,1,33.44,49.13,0.00
2023-12-03 15:23:51.197372,51.30,51.30,1,33.44,49.13,0.00
2023-12-03 15:23:51.347663,51.30,51.30,1,33.44,49.13,0.00
2023-12-03 15:23:51.487935,51.30,51.30,1,33.44,49.13,0.00
2023-12-03 15:23:51.764292,51.30,51.30,1,33.44,49.13,0.00
2023-12-03 15:23:51.908583,51.30,51.30,1,33.44,49.13,0.00
2023-12-03 15:23:52.057928,51.30,51.30,1,33.44,49.13,0.00
2023-12-03 15:23:52.214536,51.30,51.30,1,33.44,49.13,0.00
2023-12-03 15:23:52.479498,51.30,51.30,1,33.44,49.13,0.00
2023-12-03 15:23:52.633068,51.30,51.30,1,33.44,49.13,0.00
2023-12-03 15:23:52.766773,51.30,51.30,1,33.44,49.13,0.00
2023-12-03 15:23:52.912077,51.30,51.30,1,33.44,49.13,0.00
2023-12-03 15:23:53.051674,51.30,51.30,1,33.44,49.13,0.00
2023-12-03 15:23:53.194881,51.30,51.30,1,33.44,49.13,0.00
2023-12-03 15:23:53.341997,51.30,51.30,1,33.44,49.13,0.00
2023-12-03 15:23:53.482656,51.30,51.30,1,33.44,49.13,0.00
2023-12-03 15:23:53.625954,51.30,51.30,1,33.44,49.13,0.00
2023-12-03 15:23:53.772760,51.30,51.30,1,33.44,49.13,0.00
2023-12-03 15:23:53.912842,51.30,51.30,1,33.44,49.13,0.00
2023-12-03 15:23:54.055360,51.30,51.30,1,33.50,49.13,0.00
2023-12-03 15:23:54.200084,51.30,51.30,1,33.50,49.13,0.00
2023-12-03 15:23:54.344012,51.30,51.30,1,33.50,49.13,0.00
2023-12-03 15:23:54.488624,51.30,51.30,1,33.50,49.13,0.00
2023-12-03 15:23:54.631049,51.30,51.30,1,33.50,49.13,0.00
2023-12-03 15:23:54.774468,51.30,51.30,1,33.50,49.13,0.00
2023-12-03 15:23:55.225895,51.30,51.30,1,33.50,49.13,0.00
2023-12-03 15:23:56.023745,51.30,51.30,1,33.50,49.13,0.00
2023-12-03 15:23:57.543725,51.30,51.30,1,33.56,49.19,0.00
2023-12-03 15:23:57.687735,51.30,51.30,1,33.56,49.19,0.00
2023-12-03 15:23:57.840054,51.30,51.30,1,33.56,49.19,0.00
2023-12-03 15:23:57.976010,51.30,51.30,1,33.56,49.19,0.00
2023-12-03 15:23:58.118696,51.30,51.30,1,33.56,49.19,0.00
2023-12-03 15:23:58.263357,51.30,51.30,1,33.56,49.19,0.00
2023-12-03 15:23:58.405670,51.30,51.30,1,33.56,49.19,0.00
2023-12-03 15:23:58.559066,51.30,51.30,1,33.56,49.19,0.00
2023-12-03 15:23:58.719446,51.30,51.30,1,33.56,49.19,0.00
2023-12-03 15:23:58.999945,51.30,51.30,1,33.56,49.19,0.00
2023-12-03 15:23:59.126609,51.30,51.30,1,33.56,49.19,0.00
2023-12-03 15:23:59.269696,51.30,51.30,1,33.56,49.19,0.00
2023-12-03 15:23:59.412963,51.30,51.30,1,33.56,49.19,0.00
2023-12-03 15:23:59.558563,51.30,51.30,1,33.56,49.19,0.00
2023-12-03 15:23:59.700225,51.30,51.30,1,33.56,49.19,0.00
2023-12-03 15:23:59.843536,51.30,51.30,1,33.56,49.19,0.00
2023-12-03 15:23:59.991976,51.30,51.30,1,33.56,49.19,0.00
2023-12-03 15:24:00.137144,51.30,51.30,1,33.56,49.19,0.00
2023-12-03 15:24:00.288822,51.30,51.30,1,33.56,49.19,0.00
2023-12-03 15:24:00.426012,51.30,51.30,1,33.56,49.19,0.00
2023-12-03 15:24:00.584901,51.30,51.30,1,33.56,49.19,0.00
2023-12-03 15:24:00.851231,51.30,51.30,1,33.56,49.19,0.00
2023-12-03 15:24:00.995094,51.30,51.30,1,33.56,49.19,0.00
2023-12-03 15:24:01.140662,51.30,51.30,1,33.56,49.19,0.00
2023-12-03 15:24:01.284055,51.30,51.30,1,33.56,49.19,0.00
2023-12-03 15:24:01.426265,51.30,51.30,1,33.56,49.19,0.00
2023-12-03 15:24:01.594002,51.30,51.30,1,33.56,49.19,0.00
2023-12-03 15:24:01.854605,51.30,51.30,1,33.63,49.19,0.00
2023-12-03 15:24:01.996171,51.30,51.30,1,33.63,49.19,0.00
2023-12-03 15:24:02.144131,51.30,51.30,1,33.63,49.19,0.00
2023-12-03 15:24:02.285026,51.30,51.30,1,33.63,49.19,0.00
2023-12-03 15:24:02.428746,51.30,51.30,1,33.63,49.19,0.00
2023-12-03 15:24:02.572807,51.30,51.30,1,33.63,49.19,0.00
2023-12-03 15:24:02.719420,51.30,51.30,1,33.63,49.19,0.00
2023-12-03 15:24:02.902788,51.30,51.30,1,33.63,49.19,0.00
2023-12-03 15:24:03.142513,51.30,51.30,1,33.63,49.19,0.00
2023-12-03 15:24:03.290117,51.30,51.30,1,33.63,49.19,0.00
2023-12-03 15:24:03.430192,51.30,51.30,1,33.63,49.25,0.00
2023-12-03 15:24:03.573158,51.30,51.30,1,33.63,49.25,0.00
2023-12-03 15:24:03.716089,51.30,51.30,1,33.63,49.25,0.00
2023-12-03 15:24:03.865201,51.30,51.30,1,33.63,49.25,0.00
2023-12-03 15:24:04.011864,51.30,51.30,1,33.63,49.25,0.00
2023-12-03 15:24:04.149247,51.30,51.30,1,33.63,49.25,0.00
2023-12-03 15:24:04.291042,51.30,51.30,1,33.63,49.25,0.00
2023-12-03 15:24:04.569857,51.30,51.30,1,33.63,49.25,0.00
2023-12-03 15:24:04.885200,51.30,51.30,1,33.63,49.25,0.00
2023-12-03 15:24:05.132224,51.30,51.30,1,33.63,49.25,0.00
2023-12-03 15:24:05.275255,51.30,51.30,1,33.63,49.25,0.00
2023-12-03 15:24:05.418915,51.30,51.30,1,33.63,49.25,0.00
2023-12-03 15:24:05.568814,51.30,51.30,1,33.63,49.25,0.00
2023-12-03 15:24:05.847829,51.30,51.30,1,33.63,49.25,0.00
2023-12-03 15:24:05.987212,51.30,51.30,1,33.63,49.25,0.00
2023-12-03 15:24:06.141753,51.30,51.30,1,33.63,49.25,0.00
2023-12-03 15:24:06.274681,51.30,51.30,1,33.63,49.25,0.00
2023-12-03 15:24:06.419094,51.30,51.30,1,33.63,49.25,0.00
2023-12-03 15:24:06.563852,51.30,51.30,1,33.69,49.25,0.00
2023-12-03 15:24:06.714976,51.30,51.30,1,33.69,49.25,0.00
2023-12-03 15:24:06.853856,51.30,51.30,1,33.69,49.25,0.00
2023-12-03 15:24:06.993087,51.30,51.30,1,33.69,49.25,0.00
2023-12-03 15:24:07.137611,51.30,51.30,1,33.69,49.25,0.00
2023-12-03 15:24:07.280545,51.30,51.30,1,33.69,49.25,0.00
2023-12-03 15:24:07.425932,51.30,51.30,1,33.69,49.25,0.00
2023-12-03 15:24:07.572557,51.30,51.30,1,33.69,49.25,0.00
2023-12-03 15:24:07.713041,51.30,51.30,1,33.69,49.25,0.00
2023-12-03 15:24:07.855983,51.30,51.30,1,33.69,49.25,0.00
2023-12-03 15:24:07.998383,51.30,51.30,1,33.69,49.25,0.00
2023-12-03 15:24:08.151970,51.30,51.30,1,33.69,49.25,0.00
2023-12-03 15:24:08.506059,51.30,51.30,1,33.69,49.25,0.00
2023-12-03 15:24:08.727489,51.30,51.30,1,33.69,49.25,0.00
2023-12-03 15:24:08.988913,51.30,51.30,1,33.69,49.25,0.00
2023-12-03 15:24:09.126312,51.30,51.30,1,33.69,49.25,0.00
2023-12-03 15:24:09.276725,51.30,51.30,1,33.69,49.25,0.00
2023-12-03 15:24:09.413625,51.30,51.30,1,33.69,49.25,0.00
2023-12-03 15:24:09.695229,51.30,51.30,1,33.75,49.25,0.00
2023-12-03 15:24:09.842819,51.30,51.30,1,33.75,49.25,0.00
2023-12-03 15:24:09.984759,51.30,51.30,1,33.75,49.25,0.00
2023-12-03 15:24:10.130289,51.30,51.30,1,33.75,49.25,0.00
2023-12-03 15:24:10.271164,51.30,51.30,1,33.75,49.25,0.00
2023-12-03 15:24:10.419805,51.30,51.30,1,33.75,49.25,0.00
2023-12-03 15:24:10.695426,51.30,51.30,1,33.75,49.25,0.00
2023-12-03 15:24:10.975869,51.30,51.30,1,33.75,49.25,0.00
2023-12-03 15:24:11.118733,51.30,51.30,1,33.75,49.25,0.00
2023-12-03 15:24:11.262384,51.30,51.30,1,33.75,49.31,0.00
2023-12-03 15:24:11.408060,51.30,51.30,1,33.75,49.31,0.00
2023-12-03 15:24:11.688008,51.30,51.30,1,33.75,49.31,0.00
2023-12-03 15:24:11.833622,51.30,51.30,1,33.75,49.31,0.00
2023-12-03 15:24:11.974707,51.30,51.30,1,33.75,49.31,0.00
2023-12-03 15:24:12.262514,51.30,51.30,1,33.75,49.31,0.00
2023-12-03 15:24:12.534013,51.30,51.30,1,33.75,49.31,0.00
2023-12-03 15:24:12.679759,51.30,51.30,1,33.75,49.31,0.00
2023-12-03 15:24:12.822204,51.30,51.30,1,33.81,49.31,0.00
2023-12-03 15:24:12.973972,51.30,51.30,1,33.81,49.31,0.00
2023-12-03 15:24:13.111581,51.30,51.30,1,33.81,49.31,0.00
2023-12-03 15:24:13.253794,51.30,51.30,1,33.81,49.31,0.00
2023-12-03 15:24:13.396357,51.30,51.30,1,33.81,49.31,0.00
2023-12-03 15:24:13.541186,51.30,51.30,1,33.81,49.31,0.00
2023-12-03 15:24:13.688627,51.30,51.30,1,33.81,49.31,0.00
2023-12-03 15:24:13.828788,51.30,51.30,1,33.81,49.31,0.00
2023-12-03 15:24:14.114887,51.30,51.30,1,33.81,49.31,0.00
2023-12-03 15:24:14.251593,51.30,51.30,1,33.81,49.31,0.00
2023-12-03 15:24:14.394528,51.30,51.30,1,33.81,49.31,0.00
2023-12-03 15:24:14.540524,51.30,51.30,1,33.81,49.31,0.00
2023-12-03 15:24:14.693840,51.30,51.30,1,33.81,49.31,0.00
2023-12-03 15:24:14.830333,51.30,51.30,1,33.81,49.31,0.00
2023-12-03 15:24:14.972959,51.30,51.30,1,33.81,49.31,0.00
2023-12-03 15:24:15.115119,51.30,51.30,1,33.81,49.31,0.00
2023-12-03 15:24:15.280357,51.30,51.30,1,33.81,49.31,0.00
2023-12-03 15:24:15.543297,51.30,51.30,1,33.81,49.31,0.00
2023-12-03 15:24:15.694626,51.30,51.30,1,33.81,49.31,0.00
2023-12-03 15:24:15.969032,51.30,51.30,1,33.81,49.31,0.00
2023-12-03 15:24:16.107933,51.30,51.30,1,33.81,49.31,0.00
2023-12-03 15:24:16.253211,51.30,51.30,1,33.81,49.31,0.00
2023-12-03 15:24:16.394545,51.30,51.30,1,33.81,49.31,0.00
2023-12-03 15:24:16.542117,51.30,51.30,1,33.81,49.31,0.00
2023-12-03 15:24:16.685868,51.30,51.30,1,33.81,49.31,0.00
2023-12-03 15:24:16.829807,51.30,51.30,1,33.81,49.31,0.00
2023-12-03 15:24:16.979646,51.30,51.30,1,33.81,49.31,0.00
2023-12-03 15:24:17.117401,51.30,51.30,1,33.81,49.31,0.00
2023-12-03 15:24:17.259770,51.30,51.30,1,33.81,49.31,0.00
2023-12-03 15:24:17.403400,51.30,51.30,1,33.81,49.31,0.00
2023-12-03 15:24:17.544897,51.30,51.30,1,33.88,49.31,0.00
2023-12-03 15:24:17.687796,51.30,51.30,1,33.88,49.31,0.00
2023-12-03 15:24:17.837977,51.30,51.30,1,33.88,49.31,0.00
2023-12-03 15:24:17.977842,51.30,51.30,1,33.88,49.31,0.00
2023-12-03 15:24:18.119172,51.30,51.30,1,33.88,49.31,0.00
2023-12-03 15:24:18.262959,51.30,51.30,1,33.88,49.31,0.00
2023-12-03 15:24:18.407429,51.30,51.30,1,33.88,49.31,0.00
2023-12-03 15:24:18.554113,51.30,51.30,1,33.88,49.31,0.00
2023-12-03 15:24:18.695086,51.30,51.30,1,33.88,49.31,0.00
2023-12-03 15:24:18.841672,51.30,51.30,1,33.88,49.31,0.00
2023-12-03 15:24:18.984122,51.30,51.30,1,33.88,49.31,0.00
2023-12-03 15:24:19.131134,51.30,51.30,1,33.88,49.31,0.00
2023-12-03 15:24:19.269039,51.30,51.30,1,33.88,49.31,0.00
2023-12-03 15:24:19.412039,51.30,51.30,1,33.88,49.31,0.00
2023-12-03 15:24:19.697873,51.30,51.30,1,33.88,49.31,0.00
2023-12-03 15:24:19.838497,51.30,51.30,1,33.88,49.31,0.00
2023-12-03 15:24:19.982617,51.30,51.30,1,33.88,49.31,0.00
2023-12-03 15:24:20.127385,51.30,51.30,1,33.88,49.31,0.00
2023-12-03 15:24:20.296369,51.30,51.30,1,33.88,49.31,0.00
2023-12-03 15:24:20.552617,51.30,51.30,1,33.88,49.31,0.00
2023-12-03 15:24:20.694170,51.30,51.30,1,33.88,49.25,0.00
2023-12-03 15:24:21.100224,51.30,51.30,1,33.88,49.25,0.00
2023-12-03 15:24:21.260097,51.30,51.30,1,33.88,49.25,0.00
2023-12-03 15:24:21.552719,51.30,51.30,1,33.88,49.25,0.00
2023-12-03 15:24:21.818447,51.30,51.30,1,33.88,49.25,0.00
2023-12-03 15:24:21.965652,51.30,51.30,1,33.88,49.25,0.00
2023-12-03 15:24:22.108904,51.30,51.30,1,33.88,49.25,0.00
2023-12-03 15:24:22.249793,51.30,51.30,1,33.94,49.25,0.00
2023-12-03 15:24:22.394516,51.30,51.30,1,33.94,49.25,0.00
2023-12-03 15:24:22.537023,51.30,51.30,1,33.94,49.25,0.00
2023-12-03 15:24:22.682752,51.30,51.30,1,33.94,49.25,0.00
2023-12-03 15:24:22.829730,51.30,51.30,1,33.94,49.25,0.00
2023-12-03 15:24:23.108827,51.30,51.30,1,33.94,49.25,0.00
2023-12-03 15:24:23.247168,51.30,51.30,1,33.94,49.25,0.00
2023-12-03 15:24:23.394716,51.30,51.30,1,33.94,49.25,0.00
2023-12-03 15:24:23.536400,51.30,51.30,1,33.94,49.25,0.00
2023-12-03 15:24:23.689902,51.30,51.30,1,33.94,49.25,0.00
2023-12-03 15:24:23.840084,51.30,51.30,1,33.94,49.25,0.00
2023-12-03 15:24:24.105860,51.30,51.30,1,33.94,49.25,0.00
2023-12-03 15:24:24.249663,51.30,51.30,1,33.94,49.25,0.00
2023-12-03 15:24:24.391479,51.30,51.30,1,33.94,49.25,0.00
2023-12-03 15:24:24.677107,51.30,51.30,1,33.94,49.25,0.00
2023-12-03 15:24:24.815430,51.30,51.30,1,33.94,49.25,0.00
2023-12-03 15:24:24.964760,51.30,51.30,1,33.94,49.25,0.00
2023-12-03 15:24:25.104836,51.30,51.30,1,33.94,49.25,0.00
2023-12-03 15:24:25.387520,51.30,51.30,1,34.00,49.25,0.00
2023-12-03 15:24:25.532270,51.30,51.30,1,34.00,49.25,0.00
2023-12-03 15:24:25.673728,51.30,51.30,1,34.00,49.25,0.00
2023-12-03 15:24:25.817706,51.30,51.30,1,34.00,49.25,0.00
2023-12-03 15:24:25.962260,51.30,51.30,1,34.00,49.25,0.00
2023-12-03 15:24:26.107349,51.30,51.30,1,34.00,49.25,0.00
2023-12-03 15:40:56.422004,51.30,51.30,1,39.50,50.25,0.00
2023-12-03 15:40:56.562816,51.30,51.30,1,39.50,50.25,0.00
2023-12-03 15:40:56.714470,51.30,51.30,1,39.50,50.25,0.00
2023-12-03 15:40:56.848354,51.30,51.30,1,39.50,50.25,0.00
2023-12-03 15:40:57.008426,51.30,51.30,1,39.50,50.25,0.00
2023-12-03 15:40:57.138614,51.30,51.30,1,39.50,50.25,0.00
2023-12-03 15:40:57.290596,51.30,51.30,1,39.50,50.25,0.00
2023-12-03 15:40:57.429359,51.30,51.30,1,39.50,50.25,0.00
2023-12-03 15:40:57.570895,51.30,51.30,1,39.50,50.25,0.00
2023-12-03 15:40:57.715040,51.30,51.30,1,39.50,50.25,0.00
2023-12-03 15:40:57.864219,51.30,51.30,1,39.50,50.25,0.00
2023-12-03 15:40:58.007467,51.30,51.30,1,39.50,50.25,0.00
2023-12-03 15:40:58.167548,51.30,51.30,1,39.50,50.25,0.00
2023-12-03 15:40:58.292856,51.30,51.30,1,39.50,50.25,0.00
2023-12-03 15:40:58.574184,51.30,51.30,1,39.50,50.25,0.00
2023-12-03 15:40:58.719622,51.30,51.30,1,39.50,50.31,0.00
2023-12-03 15:40:58.862627,51.30,51.30,1,39.50,50.31,0.00
2023-12-03 15:40:59.007029,51.30,51.30,1,39.50,50.31,0.00
2023-12-03 15:40:59.150028,51.30,51.30,1,39.50,50.31,0.00
2023-12-03 15:40:59.293913,51.30,51.30,1,39.50,50.31,0.00
2023-12-03 15:40:59.454246,51.30,51.30,1,39.50,50.31,0.00
2023-12-03 15:40:59.736195,51.30,51.30,1,39.50,50.31,0.00
2023-12-03 15:40:59.863779,51.30,51.30,1,39.50,50.31,0.00
2023-12-03 15:41:00.009706,51.30,51.30,1,39.50,50.31,0.00
2023-12-03 15:41:00.152610,51.30,51.30,1,39.50,50.31,0.00
2023-12-03 15:41:00.296700,51.30,51.30,1,39.50,50.31,0.00
2023-12-03 15:41:00.443070,51.30,51.30,1,39.50,50.31,0.00
2023-12-03 15:41:00.718060,51.30,51.30,1,39.50,50.31,0.00
2023-12-03 15:41:00.862022,51.30,51.30,1,39.50,50.31,0.00
2023-12-03 15:41:01.015937,51.30,51.30,1,39.50,50.31,0.00
2023-12-03 15:41:01.152147,51.30,51.30,1,39.50,50.31,0.00
2023-12-03 15:41:01.293551,51.30,51.30,1,39.50,50.31,0.00
2023-12-03 15:41:01.441643,51.30,51.30,1,39.50,50.31,0.00
2023-12-03 15:41:01.580034,51.30,51.30,1,39.50,50.31,0.00
2023-12-03 15:41:01.723557,51.30,51.30,1,39.50,50.31,0.00
2023-12-03 15:41:01.865254,51.30,51.30,1,39.50,50.38,0.00
2023-12-03 15:41:02.011976,51.30,51.30,1,39.50,50.38,0.00
2023-12-03 15:41:02.153098,51.30,51.30,1,39.50,50.38,0.00
2023-12-03 15:41:02.301507,51.30,51.30,1,39.50,50.38,0.00
2023-12-03 15:41:02.579810,51.30,51.30,1,39.50,50.38,0.00
2023-12-03 15:41:02.723876,51.30,51.30,1,39.50,50.38,0.00
2023-12-03 15:41:03.112427,51.30,51.30,1,39.50,50.38,0.00
2023-12-03 15:41:03.483981,51.30,51.30,1,39.50,50.38,0.00
2023-12-03 15:41:03.699037,51.30,51.30,1,39.50,50.38,0.00
2023-12-03 15:41:03.982492,51.30,51.30,1,39.50,50.38,0.00
2023-12-03 15:41:04.125769,51.30,51.30,1,39.50,50.38,0.00
2023-12-03 15:41:04.265885,51.30,51.30,1,39.50,50.38,0.00
2023-12-03 15:41:04.409744,51.30,51.30,1,39.50,50.38,0.00
2023-12-03 15:41:04.554850,51.30,51.30,1,39.50,50.38,0.00
2023-12-03 15:41:04.701384,51.30,51.30,1,39.50,50.38,0.00
2023-12-03 15:41:04.843289,51.30,51.30,1,39.50,50.38,0.00
2023-12-03 15:41:04.987115,51.30,51.30,1,39.50,50.44,0.00
2023-12-03 15:41:05.270399,51.30,51.30,1,39.50,50.44,0.00
2023-12-03 15:41:05.415331,51.30,51.30,1,39.50,50.44,0.00
2023-12-03 15:41:05.559286,51.30,51.30,1,39.50,50.44,0.00
2023-12-03 15:41:05.699211,51.30,51.30,1,39.50,50.44,0.00
2023-12-03 15:41:05.875396,51.30,51.30,1,39.50,50.44,0.00
2023-12-03 15:41:06.130061,51.30,51.30,1,39.50,50.44,0.00
2023-12-03 15:41:06.265637,51.30,51.30,1,39.50,50.44,0.00
2023-12-03 15:41:06.546828,51.30,51.30,1,39.50,50.44,0.00
2023-12-03 15:41:06.693644,51.30,51.30,1,39.50,50.44,0.00
2023-12-03 15:41:06.838224,51.30,51.30,1,39.50,50.44,0.00
2023-12-03 15:41:07.129410,51.30,51.30,1,39.50,50.44,0.00
2023-12-03 15:41:07.401367,51.30,51.30,1,39.50,50.44,0.00
2023-12-03 15:41:07.545687,51.30,51.30,1,39.50,50.44,0.00
2023-12-03 15:41:07.688360,51.30,51.30,1,39.50,50.44,0.00
2023-12-03 15:41:07.830075,51.30,51.30,1,39.50,50.44,0.00
2023-12-03 15:41:07.977366,51.30,51.30,1,39.50,50.44,0.00
2023-12-03 15:41:08.120490,51.30,51.30,1,39.50,50.50,0.00
2023-12-03 15:41:08.262333,51.30,51.30,1,39.50,50.50,0.00
2023-12-03 15:41:08.409151,51.30,51.30,1,39.50,50.50,0.00
2023-12-03 15:41:08.554556,51.30,51.30,1,39.50,50.50,0.00
2023-12-03 15:41:08.695850,51.30,51.30,1,39.50,50.50,0.00
2023-12-03 15:41:08.838653,51.30,51.30,1,39.50,50.50,0.00
2023-12-03 15:41:09.002779,51.30,51.30,1,39.50,50.50,0.00
2023-12-03 15:41:09.263780,51.30,51.30,1,39.50,50.50,0.00
2023-12-03 15:41:09.412249,51.30,51.30,1,39.50,50.50,0.00
2023-12-03 15:41:09.690752,51.30,51.30,1,39.56,50.50,0.00
2023-12-03 15:41:09.839904,51.30,51.30,1,39.56,50.50,0.00
2023-12-03 15:41:09.975521,51.30,51.30,1,39.56,50.50,0.00
2023-12-03 15:41:10.119935,51.30,51.30,1,39.56,50.50,0.00
2023-12-03 15:41:10.267224,51.30,51.30,1,39.56,50.50,0.00
2023-12-03 15:41:10.408965,51.30,51.30,1,39.56,50.50,0.00
2023-12-03 15:41:10.552545,51.30,51.30,1,39.56,50.50,0.00
2023-12-03 15:41:10.696794,51.30,51.30,1,39.56,50.50,0.00
2023-12-03 15:41:10.841543,51.30,51.30,1,39.56,50.50,0.00
2023-12-03 15:41:11.127647,51.30,51.30,1,39.56,50.50,0.00
2023-12-03 15:41:11.397370,51.30,51.30,1,39.50,50.56,0.00
2023-12-03 15:41:11.548396,51.30,51.30,1,39.50,50.56,0.00
2023-12-03 15:41:11.824183,51.30,51.30,1,39.50,50.56,0.00
2023-12-03 15:41:11.969953,51.30,51.30,1,39.50,50.56,0.00
2023-12-03 15:41:12.110611,51.30,51.30,1,39.50,50.56,0.00
2023-12-03 15:41:12.261882,51.30,51.30,1,39.50,50.56,0.00
2023-12-03 15:41:12.399027,51.30,51.30,1,39.50,50.56,0.00
2023-12-03 15:41:12.541448,51.30,51.30,1,39.50,50.56,0.00
2023-12-03 15:41:12.687846,51.30,51.30,1,39.50,50.56,0.00
2023-12-03 15:41:12.830460,51.30,51.30,1,39.50,50.56,0.00
2023-12-03 15:41:12.972864,51.30,51.30,1,39.50,50.56,0.00
2023-12-03 15:41:13.116277,51.30,51.30,1,39.50,50.56,0.00
2023-12-03 15:41:13.262214,51.30,51.30,1,39.50,50.56,0.00
2023-12-03 15:41:13.415154,51.30,51.30,1,39.50,50.56,0.00
2023-12-03 15:41:13.685488,51.30,51.30,1,39.50,50.56,0.00
2023-12-03 15:41:13.966763,51.30,51.30,1,39.50,50.56,0.00
2023-12-03 15:41:14.112738,51.30,51.30,1,39.50,50.56,0.00
2023-12-03 15:41:14.252282,51.30,51.30,1,39.50,50.56,0.00
2023-12-03 15:41:14.397741,51.30,51.30,1,39.50,50.63,0.00
2023-12-03 15:41:14.539606,51.30,51.30,1,39.50,50.63,0.00
2023-12-03 15:41:14.682434,51.30,51.30,1,39.50,50.63,0.00
2023-12-03 15:41:14.963446,51.30,51.30,1,39.50,50.63,0.00
2023-12-03 15:41:15.108082,51.30,51.30,1,39.50,50.63,0.00
2023-12-03 15:41:15.249941,51.30,51.30,1,39.50,50.63,0.00
2023-12-03 15:41:15.393747,51.30,51.30,1,39.50,50.63,0.00
2023-12-03 15:41:15.537658,51.30,51.30,1,39.50,50.63,0.00
2023-12-03 15:41:15.681337,51.30,51.30,1,39.50,50.63,0.00
2023-12-03 15:41:15.966867,51.30,51.30,1,39.56,50.63,0.00
2023-12-03 15:41:16.269567,51.30,51.30,1,39.56,50.63,0.00
2023-12-03 15:41:16.703770,51.30,51.30,1,39.56,50.63,0.00
2023-12-03 15:41:16.940105,51.30,51.30,1,39.56,50.63,0.00
2023-12-03 15:41:17.092683,51.30,51.30,1,39.56,50.63,0.00
2023-12-03 15:41:17.227231,51.30,51.30,1,39.56,50.63,0.00
2023-12-03 15:41:17.386737,51.30,51.30,1,39.56,50.63,0.00
2023-12-03 15:41:17.653190,51.30,51.30,1,39.56,50.69,0.00
2023-12-03 15:41:17.798088,51.30,51.30,1,39.56,50.69,0.00
2023-12-03 15:41:17.942798,51.30,51.30,1,39.56,50.69,0.00
2023-12-03 15:41:18.088726,51.30,51.30,1,39.56,50.69,0.00
2023-12-03 15:41:18.228656,51.30,51.30,1,39.56,50.69,0.00
2023-12-03 15:41:18.373039,51.30,51.30,1,39.56,50.69,0.00
2023-12-03 15:41:18.517267,51.30,51.30,1,39.56,50.69,0.00
2023-12-03 15:41:18.662755,51.30,51.30,1,39.56,50.69,0.00
2023-12-03 15:41:18.805026,51.30,51.30,1,39.56,50.69,0.00
2023-12-03 15:41:18.950609,51.30,51.30,1,39.56,50.69,0.00
2023-12-03 15:41:19.088852,51.30,51.30,1,39.56,50.69,0.00
2023-12-03 16:17:36.524346,60.50,60.50,1,32.69,35.81,0.00
